代码,名称,多因子等级,多因子评分,推荐等级,推荐评分,信号确认分,总市值(亿),流通市值(亿),PE(TTM),市净率,换手率%,筹码平均成本,筹码集中度%,90%成本区间宽度%,现价相对筹码成本%,筹码集中度分,成本贴合分,估值分,换手率分,市值分,估值日期,数据截至,最新收盘,前低日期,前低价,本次低日期,本次低价,DIF抬高,MACD柱抬高,当前DIF,当前DEA,当前MACD柱,站上MA20,站上MA60,距背离低点%,近5日/20日均量,最新成交额(亿),强度分位,原综合分
000809,和展能源,A,88.68,A,98.76,6,29.03,29.03,-170.8365004,1.08998257,4.042452955429053,3.6486020658825384,68.3643600722293,30.609432119909712,-2.1543063470125468,94.7,100.0,20.0,98.1,82.2,2026-09-21,2026-09-18,3.57,2026-06-10,3.64,2026-09-07,3.33,0.0304735438738639,0.0819310665294582,0.0385995228371833,0.0327612546402703,0.011676536393826,True,True,7.2072072072072,1.66379926929694,1.19,0.982,253.35417613479228
603075,热威科技股份,A,86.55,A,89.07,4,80.44,8.48,24.6795963,3.93156198,6.35528977817192,22.127434388201817,58.49967716052513,35.035666844064814,-10.518320142179638,88.5,49.2,92.7,90.0,100.0,2026-09-21,2026-09-18,19.8,2026-07-09,20.94,2026-09-07,19.02,0.2594586395654268,0.1926441894444511,0.0548557763484787,0.0194170166061094,0.0708775194847384,True,False,4.100946372239753,1.190023515202833,0.53,0.987,257.7101118095244
002516,旷达科技,A,84.87,B,78.85,4,84.13,83.54,38.35037843,2.22945069,0.9706616085806231,5.979916205348048,74.09648349335788,26.440785846936393,-3.8448064730811082,98.2,93.2,69.4,84.0,100.0,2026-09-21,2026-09-18,5.75,2026-06-05,5.68,2026-09-04,5.38,0.0284465939107905,0.1355668569068473,0.1042979855281025,0.1030121685911265,0.0025716338739519,True,True,6.877323420074352,0.7456818913778878,0.82,0.841,128.45415474596547
300504,天邑股份,A,83.98,A,95.0,5,49.98,40.61,-701.51497459,2.25332905,4.004654901040124,16.486430057932562,58.86646863346464,33.9967443295115,8.149550493018754,89.8,59.4,20.0,98.2,100.0,2026-09-21,2026-09-18,17.83,2026-06-12,16.85,2026-09-11,16.62,0.5312538524686445,0.4783800352422677,0.5368882764453318,0.5588917182544418,-0.0440068836182201,True,True,7.2803850782189965,0.8732139536058449,1.57,1.0,2133.496058746953
300241,瑞丰光电,A,83.44,A,91.64,6,42.97,36.0,48.4096752,1.83347364,2.637910974157365,6.615831859944895,53.30695051831184,38.38365025034913,-9.913067227654082,77.0,51.8,62.7,97.0,95.0,2026-09-21,2026-09-18,5.96,2026-06-24,6.22,2026-09-11,5.55,0.2027850223131304,0.3048438120095764,0.0457714301017038,0.0374096262045455,0.0167236077943164,True,True,7.38738738738739,0.9244656781631214,0.94,0.881,133.494603077257
301007,德迈仕,A,80.97,A,95.66,6,49.74,49.09,115.91126916,7.60790053,1.2073342083807959,35.16105230761836,45.79235466279179,50.072914234966845,-7.511300527959797,69.0,63.9,20.0,92.0,99.8,2026-09-21,2026-09-18,32.52,2026-06-11,31.6,2026-09-11,30.28,1.925682464579161,2.1140432911948337,0.7477090486100586,0.6446125439899831,0.2061930092401509,True,True,7.397622192866585,0.8305731833446123,0.59,0.938,150.98238911644384
003007,直真科技,A,80.96,A,87.88,5,49.38,29.98,140.22493608,3.25612474,2.7752652217442426,42.769801317364845,55.99857143242837,45.7962276063465,-6.476067767563576,83.2,72.2,20.0,97.5,99.6,2026-09-21,2026-09-18,40.0,2026-06-11,37.75,2026-09-11,37.22,2.688544785643572,2.479958631601342,0.3760047515959144,0.4376637857959854,-0.123318068400142,True,True,7.4691026329930175,0.8780728870402735,0.81,0.898,135.83662926282946
002757,南兴股份,A,77.83,A,89.73,5,53.33,51.3,38.31813658,2.60780077,3.8315483116638136,20.82636130995088,35.96571178013554,63.715959619737575,-15.011558012570813,50.9,30.0,69.4,98.8,100.0,2026-09-21,2026-09-18,17.7,2026-06-29,17.31,2026-09-11,16.7,1.723185494938754,0.5824191357078481,0.2117577283904737,0.1636673274810794,0.0961808018187884,True,True,5.9880239520958085,0.7485775310028137,1.93,0.925,143.09470098295992
301106,骏成科技,A,77.16,A,80.71,4,28.29,28.29,60.77766874,2.24292002,2.3101442606257945,21.176927988386232,56.71640882352605,46.718230345735115,-10.185273282173535,84.1,50.6,54.5,95.8,81.4,2026-09-21,2026-09-18,19.02,2026-06-12,19.23,2026-09-03,18.51,1.25828105850589,0.9905014623445972,-0.0475587431830852,0.1110554521365221,-0.3172283906392148,False,True,2.7552674230145757,0.4878219454553479,0.63,0.867,131.32296318375938
002928,华夏航空,A,76.61,A,84.2,6,83.21,83.21,19.8758344,2.13787638,2.0347977045773287,8.006588394877193,35.07977836809219,63.531447378380236,-19.316446888499193,47.8,25.7,94.9,94.9,100.0,2026-09-21,2026-09-18,6.46,2026-06-22,6.82,2026-09-11,6.1,0.2785153242355678,0.1107772082191279,-0.0061084318793342,-0.0221318228145051,0.0320467818703416,True,True,5.901639344262301,0.92738339575132,1.68,0.774,123.59528480186717
601877,正泰电器,A,75.06,B,78.23,4,543.69,543.69,10.7222485,1.18171538,0.7774705073266726,29.630417547891195,49.70049080306978,43.047329115980425,-14.74976699476932,74.8,31.0,90.4,77.1,87.9,2026-09-21,2026-09-18,25.26,2026-06-08,25.37,2026-09-02,24.89,1.5020983800264671,0.6190807389258655,-0.1244943166391436,-0.0542310819989248,-0.1405264692804377,False,True,1.4865407794294938,0.6983129125999186,4.22,0.832,126.47928470155315
300969,恒帅股份,A,74.9,A,84.47,5,133.97,63.9,83.46491995,7.54203502,2.7228256841835714,91.25134069483735,39.2425185810769,48.32037168019699,-11.179387192734701,56.6,46.4,40.3,97.3,100.0,2026-09-21,2026-09-18,81.05,2026-06-26,89.6,2026-09-11,75.75,3.005149049107274,3.192276969620972,0.3655579207503194,0.2915894321496733,0.1479369772012921,True,False,6.9966996699669926,0.6735833565696936,1.73,0.85,129.15538446811723
603701,德宏股份,A,74.67,B,78.58,5,52.09,52.09,376.3029016,6.47080478,1.1234613724362221,21.688094056452837,55.522473526856906,36.92327070310341,-8.152371766050948,81.4,59.3,20.0,91.7,100.0,2026-09-21,2026-09-18,19.92,2026-06-26,20.81,2026-09-11,19.0,0.8370382917089891,0.3514086165584586,0.0350822491971634,0.0575582922370289,-0.0449520860797311,True,True,4.842105263157904,0.7605581405236488,0.58,0.765,122.66101431526238
002263,大东南,A,74.03,A,88.45,4,61.61,61.61,302.40187518,2.21351047,2.0808050661191064,3.9924744859924624,44.48843163139445,52.71149025957676,-19.348263556916333,67.7,25.7,20.0,95.0,100.0,2026-09-21,2026-09-18,3.22,2026-06-08,3.61,2026-09-04,3.12,0.14496158265686,0.0241135289914876,0.0433286412585096,0.0412885914305606,0.0040800996558981,True,True,3.2051282051282075,1.2415601852122646,1.26,0.978,183.6166159982991
002654,万润科技,A,73.94,B,76.73,5,119.61,119.6,255.85982171,7.54960223,4.44571800919666,15.455421332781638,53.736449258824045,48.3038574260464,-7.928747501580336,77.9,60.6,20.0,96.7,100.0,2026-09-21,2026-09-18,14.23,2026-06-08,14.052,2026-09-03,13.3,0.2086890986211287,0.7626470085669439,0.0652036654238337,0.0125925350641735,0.1052222607193203,True,False,6.992481203007516,0.7323221363012514,5.35,0.739,120.59328783906189
605222,起帆电缆,A,73.36,A,87.21,4,93.77,93.77,46.07477489,1.9605082,1.4575168318527554,24.822565045308266,26.0147540056858,79.7825179193338,-9.799813358805343,21.2,52.3,64.2,92.9,100.0,2026-09-21,2026-09-18,22.39,2026-06-29,21.51,2026-09-08,20.75,2.3651285264592943,0.9104938053654726,0.6596367962990719,0.6014217539406962,0.1164300847167514,True,True,7.903614457831328,0.9194081921099088,1.35,0.96,158.29749651248156
603416,信捷电气,A,73.19,B,64.65,5,73.51,65.35,26.05891438,2.73270346,1.075558388868139,55.012318183179,56.935266802730425,31.696733502818176,-14.837255459768596,84.5,30.7,92.0,91.5,100.0,2026-09-21,2026-09-18,46.85,2026-07-29,46.07,2026-09-11,45.0,1.4263766227691193,1.822316693382504,-0.5978599996796063,-0.6947987948402835,0.1938775903213543,True,False,4.111111111111114,0.7344541903358279,0.7,0.566,106.30294357819729
002233,塔牌集团,A,72.21,B,62.43,4,83.72,83.68,20.0233858,0.7145485,0.6816241006672219,8.137486476340229,58.08598296128468,26.630729422246734,-12.380806767169439,87.6,41.2,95.0,73.6,100.0,2026-09-21,2026-09-18,7.13,2026-06-11,7.4,2026-09-07,7.02,0.2044724797723924,0.0746067199016058,-0.0478521476374371,-0.0528117544288628,0.0099192135828513,False,False,1.5669515669515717,0.992338528591858,0.57,0.606,109.41421117423548
688628,优利德科技,A,71.68,A,94.69,5,98.53,98.53,51.00351676,7.42676011,410.50773604109185,75.1400398449888,27.805364067522564,91.17339979976255,7.0135179138618,27.9,67.9,60.9,20.0,100.0,2026-09-21,2026-09-18,80.41,2026-06-08,75.49,2026-08-31,75.01,2.397334824921117,5.925966667811551,0.5850406332723992,1.0269154315828335,-0.883749596620869,True,True,7.199040127982924,0.9253503260703232,371.0,0.996,293.69188078838937
600930,华电新能源集团,A,70.92,A,98.14,6,1660.23,427.58,34.1442826,1.49685331,1.9759726169427196,5.664666273980024,23.227425134593588,54.946398871712134,-29.916436238517228,15.0,20.0,72.2,94.7,58.2,2026-09-21,2026-09-18,3.97,2026-07-27,4.08,2026-09-03,3.88,0.1591093738285023,0.0290686233429092,-0.0590926396352418,-0.0827816416450281,0.0473780040195727,True,False,2.319587628865987,1.4553312173655415,8.43,0.973,165.94320556179596
002838,道恩股份,A,70.76,B,70.84,5,122.04,107.31,35.70352613,3.1819668,0.939664775221433,28.497532995715797,40.55599357117149,42.34991397664502,-11.430929814891421,59.7,45.3,71.2,82.8,100.0,2026-09-21,2026-09-18,25.24,2026-08-04,24.36,2026-09-11,23.57,1.359371788401976,1.1644371657253427,-0.3295248251111218,-0.4580908991999746,0.2571321481777056,True,False,7.085277895630031,0.7184225311030715,1.0,0.655,112.48723855351317
603305,旭升集团,A,70.6,B,71.15,5,131.98,131.98,32.81482901,1.42016469,1.9292407142134198,15.195117829270435,43.826857554980975,60.40287373050308,-26.81859973089853,65.5,20.0,73.1,94.5,100.0,2026-09-21,2026-09-18,11.12,2026-06-29,11.37,2026-09-02,11.11,0.7020096480660101,0.3681449355288615,-0.2051711365832105,-0.1886325900405264,-0.0330770930853681,True,False,0.0900090009000881,1.0341453000783585,2.48,0.659,112.781261265666
002130,沃尔核材,A,70.41,A,80.4,4,240.5,198.34,20.86812263,2.61613431,3.553835613449817,24.001689665220255,25.035832377251705,63.391978356667224,-28.58836090678738,18.6,20.0,94.6,99.8,100.0,2026-09-21,2026-09-18,17.14,2026-06-30,17.096,2026-09-02,16.3,0.8264806189769658,0.3586538640825466,0.0429373481030239,0.0565484167099938,-0.0272221372139398,True,True,5.153374233128833,1.140308922597469,7.03,0.863,130.72928265632848
301631,壹连科技,A,70.36,B,58.41,4,82.04,27.94,28.68939683,3.15321365,5.283472171381129,70.84602769981507,51.81840441827074,49.59324722579098,-12.034588214234232,75.7,42.7,90.7,93.8,100.0,2026-09-21,2026-09-18,62.32,2026-06-29,67.48,2026-09-02,59.53,2.2473060256233452,1.3064314339062435,-0.8707419444167712,-0.7445670083463342,-0.2523498721408741,True,False,4.686712581891482,0.6412908632319232,1.44,0.549,105.51226432305496
601226,华电科工,A,70.18,A,88.5,5,80.43,80.43,44.92679114,1.81888273,0.7307371205732597,8.883343434884582,27.848844673857343,66.38303880561548,-26.041359898348205,28.8,20.0,65.0,75.4,100.0,2026-09-21,2026-09-18,6.57,2026-06-11,6.722,2026-09-08,6.42,0.611830911185149,0.1457719239200978,0.0642911334622455,0.079715018545861,-0.030847770167231,True,True,2.3364485981308465,0.7597071103178096,0.56,0.907,137.48240250271564
600452,涪陵电力,A,69.72,B,76.46,6,141.05,141.05,32.56422433,2.46621289,2.3304542318642536,11.300386383926424,31.97358456272759,49.65526017594561,-19.38328752229227,38.9,25.6,73.3,95.9,100.0,2026-09-21,2026-09-18,9.11,2026-06-10,10.067,2026-09-07,8.955,0.4162526406987918,0.6806245325971871,-0.079420166587246,-0.0978739476258064,0.0369075620771207,True,False,1.7308766052484574,1.3839704069050554,3.26,0.664,112.91636109827074
603166,福达股份,A,69.61,B,66.86,6,72.64,71.89,22.18895995,2.65544818,1.5379603992247046,14.322303511482295,39.40723608797605,60.44320254551637,-22.98724858639416,57.5,22.0,93.9,93.1,100.0,2026-09-21,2026-09-18,11.03,2026-06-05,11.75,2026-08-31,10.72,0.2628959336907357,0.4412680953750296,-0.1116729392402398,-0.1158381090466849,0.0083303396128903,True,False,2.8917910447761073,0.7541830738328508,1.08,0.527,104.90924822010444
003019,宸展光电,B,79.29,B,81.59,3,50.66,49.51,29.0399211,2.97919572,1.6352457720962859,32.08469529583035,47.65313468357479,61.32193260802994,-14.16468273713345,72.1,33.6,90.5,93.5,100.0,2026-09-21,2026-09-18,27.54,2026-06-15,30.31,2026-09-08,26.51,1.8071990291788609,2.775442759912699,0.611670295057035,0.6522223943509776,-0.0811041985878853,True,True,3.8853262919652862,0.6290881112570216,0.78,0.951,154.98683428148715
600736,苏州高新,B,78.77,B,76.33,3,77.94,77.94,13.38641408,0.99080105,1.5051165428573252,7.393220520310609,52.71672440704669,51.45971050769268,-11.540579886216662,76.5,44.8,91.7,93.0,100.0,2026-09-21,2026-09-18,6.54,2026-06-02,6.842,2026-09-02,6.62,0.2025249394826991,0.5039997588913685,-0.0682031294109553,-0.0295868749965717,-0.077232508828767,False,False,-1.2084592145015116,0.5484554699739665,1.13,0.876,133.2754126632485
000029,深深房Ａ,B,77.25,B,82.52,3,213.97,188.59,-1839.49995575,5.9859738,0.6784761007558935,23.707611585158606,58.44840695479483,40.26906785997435,-6.063924153618993,88.1,75.5,20.0,73.5,100.0,2026-09-21,2026-09-18,22.27,2026-06-08,21.865,2026-09-01,21.58,0.0466855274355531,0.8991945689390837,-0.1959170740875322,-0.0734917039685648,-0.2448507402379348,False,True,3.1974050046339264,0.8499309474874672,1.35,0.965,158.4091407330991
002438,江苏神通,B,74.78,B,67.96,3,70.09,64.75,24.54516424,1.85934923,0.9343955313900797,15.587496537242188,58.00060885593443,38.20337001569647,-13.648737833936952,87.2,35.8,92.7,82.7,100.0,2026-09-21,2026-09-18,13.46,2026-06-26,14.09,2026-09-02,13.54,0.5234908715751398,0.177713801398799,-0.1245181319964583,-0.0601033030444568,-0.1288296579040029,False,False,-0.5908419497784217,0.5426618753564355,0.59,0.757,121.610517885483
000065,北方国际,B,68.81,B,60.22,3,118.12,108.31,15.95134061,1.06095527,1.4630636868714966,12.008232585650076,46.35113645891024,49.118237856556604,-18.555874644806845,69.9,26.4,93.0,92.9,100.0,2026-09-21,2026-09-18,9.78,2026-06-11,10.743,2026-09-11,9.32,0.4412112243418704,0.0446701385546909,0.0388306872135757,0.060197461337669,-0.0427335482481866,False,True,4.935622317596557,0.525773446582022,1.52,0.646,111.5632155300298
300900,广联航空,B,68.62,A,88.81,5,77.54,60.74,-55.20199324,3.99046545,3.636626251455022,34.6469360170168,28.82845684032478,74.92006061537512,-31.970896392039904,31.4,20.0,20.0,99.5,100.0,2026-09-21,2026-09-18,23.57,2026-06-24,30.01,2026-09-11,22.4,1.7303839672079064,0.4621825599298321,-0.3989569335490479,-0.5230071381074696,0.2481004091168432,True,False,5.223214285714294,0.6753898447629393,2.2,0.912,138.42845379793442
300809,华辰装备,B,68.48,A,79.87,6,63.36,37.63,27.46096623,3.3948544,2.585052016907753,32.79480554843173,22.11144959502402,60.72386192155059,-25.110091097416266,11.5,20.0,91.3,96.8,100.0,2026-09-21,2026-09-18,24.56,2026-06-29,25.23,2026-09-11,22.77,2.1356809938840016,1.3286391623413851,-0.159040199788798,-0.2361748779818515,0.154269356386107,True,True,7.861220904699162,0.9035541139929628,0.96,0.712,117.99461375285392
002472,双环传动,B,68.44,B,46.99,5,322.15,286.89,25.34563817,3.09993943,1.9055762766319397,41.157272910007805,72.84070410578569,29.11915745750661,-11.971815821669008,96.5,43.0,92.3,94.4,98.5,2026-09-21,2026-09-18,36.23,2026-08-25,34.96,2026-09-11,34.13,0.2421151159031254,0.5801810777779641,-0.4088155240571964,-0.5087329091356754,0.1998347701569578,True,False,6.152944623498372,0.928811377811104,5.23,0.314,90.04502059011635
000006,深振业Ａ,B,67.51,A,79.56,6,97.06,97.06,-144.84609407,1.84330751,1.10660406082705,9.269807808848755,38.82926181594401,72.4442727777075,-23.8387661795892,56.2,21.2,20.0,91.6,100.0,2026-09-21,2026-09-18,7.06,2026-06-29,7.08,2026-09-03,6.94,0.5693445967496809,0.0495671450924325,-0.0394668815457581,-0.008106685641861,-0.0627203918077941,True,True,1.7291066282420635,0.6171015309435008,1.05,0.708,117.94198745602168
300565,科信技术,B,67.51,B,79.42,3,25.22,23.05,-31.88879544,4.94728536,3.878966006660367,12.573610843654247,43.81819613073562,50.289148326416225,-21.104604529680458,65.0,23.9,20.0,98.7,77.6,2026-09-21,2026-09-18,9.92,2026-06-10,11.44,2026-09-04,9.88,0.6584248469637597,0.4956687156159459,0.0506453044410122,0.0873173047264903,-0.0733440005709563,False,True,0.404858299595133,1.331713564402284,0.88,0.92,139.81317689177007
600879,航天电子,B,67.45,A,87.26,5,485.66,485.66,517.3306678,2.32889923,2.9059169931017848,20.86190034846225,29.82231809383767,82.18720806699405,-29.440752021016024,35.8,20.0,20.0,97.9,90.2,2026-09-21,2026-09-18,14.72,2026-06-26,18.049,2026-09-11,14.1,0.2294676696294164,0.2428818854027628,-0.3040503482339041,-0.4135119214970628,0.2189231465263175,True,False,4.397163120567383,1.06745076963313,14.11,0.889,134.97924927196073
002335,科华数据,B,66.86,B,60.53,3,223.31,195.38,39.13142374,3.40260787,2.393079977649114,39.33767932136309,49.4455419769862,45.830561875002076,-24.62697212568411,73.9,20.4,68.9,96.1,100.0,2026-09-21,2026-09-18,29.65,2026-07-21,28.35,2026-09-11,28.19,1.964756547898439,1.4516591468088875,-0.5799810030687418,-0.5860838004599366,0.0122055947823895,False,False,5.179141539553023,0.7888006797740725,4.68,0.65,112.27134030872494
688122,西部超导,B,66.56,A,85.35,4,329.57,329.57,51.62283251,4.561538,104.42640826654255,68.30237540887224,37.941084163563524,60.54574841502629,-26.737540677831273,55.3,20.0,60.5,20.0,98.1,2026-09-21,2026-09-18,50.04,2026-06-26,52.68,2026-09-11,47.96,1.858108944559099,0.3366847392032879,-0.2986620446955896,-0.4627310244777411,0.328137959564303,True,False,4.336947456213508,0.955292722712762,339.48,0.934,147.35818207609233
300206,理邦仪器,B,65.67,C,43.81,3,68.4,39.93,19.37532905,3.09205067,1.4273320553503281,13.333147546644062,66.7705892033764,27.5888250349664,-14.34880653612507,92.9,32.8,94.7,92.7,100.0,2026-09-21,2026-09-18,11.42,2026-06-29,11.72,2026-08-31,11.47,0.2882101872234379,0.1005724246882393,-0.2104596486179719,-0.1787763868524495,-0.0633665235310447,False,False,-0.4359197907585065,0.8573467144331229,0.55,0.412,99.97750540366918
300603,立昂技术,B,65.35,A,80.09,4,37.88,30.48,-23.58283974,3.04753054,2.4001457764502474,10.057767153175933,32.62348329870336,45.31703860933053,-20.061780337982714,40.7,24.9,20.0,96.2,90.9,2026-09-21,2026-09-18,8.04,2026-06-11,8.33,2026-09-11,7.81,0.6643432926518447,0.3582285549060953,0.0225939896756877,0.036037666402482,-0.0268873534535886,True,True,2.944942381562094,0.9945002411290552,0.72,0.858,129.49059206701912
002565,顺灏股份,B,64.86,A,81.99,5,97.41,97.41,169.79487424,5.24500903,7.060713695918454,14.983448897257423,29.119314332687264,84.63975129958953,-41.1350480087771,33.2,20.0,20.0,89.8,100.0,2026-09-21,2026-09-18,8.82,2026-06-26,11.61,2026-09-11,8.33,0.8445254767726915,0.3679302256946348,-0.1466615286201484,-0.2196121276721942,0.1459011981040915,True,False,5.882352941176474,1.8761281793483189,6.6,0.814,125.74591720562118
301120,新特电气,B,64.71,B,73.01,5,56.6,34.25,115.88011532,3.60506405,2.8209551887330466,20.269875934467542,37.62172708406617,62.48265755565933,-26.541237607278244,54.0,20.0,20.0,97.6,100.0,2026-09-21,2026-09-18,14.89,2026-06-11,17.68,2026-09-02,14.58,0.8255060776849739,1.520047832797553,-0.1520492121133561,-0.1400276297541262,-0.0240431647184597,True,False,2.126200274348426,0.7188614589001596,0.95,0.686,114.98207150457192
300254,仟源医药,B,64.1,B,78.54,4,23.25,20.55,80.85884209,5.17033787,3.745614286703311,10.311553752261243,27.825289140426978,60.73899459316963,-15.919557728157729,28.3,29.1,42.0,99.1,74.9,2026-09-21,2026-09-18,8.67,2026-06-08,9.04,2026-09-03,8.58,0.9867555196502806,0.6821180658200128,-0.0515461468422238,-0.0012118070247195,-0.1006686796350085,False,True,1.0489510489510472,0.5304982925539597,0.74,0.836,126.90361231640182
002429,兆驰股份,B,63.99,B,67.12,5,374.83,374.61,36.2850431,2.24734253,1.0252478482068275,9.764009875073846,29.556250804286126,65.36858380722134,-16.530195029750917,34.5,28.5,70.8,91.3,95.5,2026-09-21,2026-09-18,8.15,2026-06-29,9.88,2026-09-11,7.68,0.2421973283637033,0.2640850272997532,-0.0812913150633924,-0.117441008892812,0.072299387658839,True,False,6.119791666666676,0.8615867956222374,3.78,0.602,108.9189736474803
300842,帝科股份,B,63.86,A,82.65,6,93.92,83.57,-30.37692002,5.71860355,3.1043393448497163,80.92726100673984,23.59663157333434,74.74512298189782,-20.22465706009342,15.5,24.8,20.0,98.6,100.0,2026-09-21,2026-09-18,64.56,2026-06-12,75.48,2026-09-11,59.91,3.776675896803184,3.022807606167479,0.242383492561089,0.2021670698270079,0.0804328454681621,True,True,7.761642463695553,0.8717657349484158,2.59,0.752,121.3076631652224
688259,创耀通信科技,B,63.58,B,70.88,6,35.89,35.89,60.99290079,2.27956112,118.32927484333035,38.51084214168517,56.28550177349979,43.245019969542035,-17.11425088404146,83.6,27.9,54.4,20.0,89.1,2026-09-21,2026-09-18,31.92,2026-06-29,33.61,2026-09-11,29.82,0.2868194590117419,0.2192059908106769,0.0505614876298281,-0.030189871221843,0.1615027177033423,True,True,7.042253521126765,0.7557792409201897,42.19,0.584,107.3434392599592
688636,智明达电子,B,63.57,A,94.38,5,37.62,37.62,31.99828757,2.62213532,295.19706473834054,33.650053779205415,16.44839717148018,107.39995053452009,-38.306190723448495,4.4,20.0,73.7,20.0,90.7,2026-09-21,2026-09-18,20.76,2026-06-29,33.14,2026-09-11,19.67,0.5896349685883919,0.4138732595900301,-0.3316636248885096,-0.5296823065353949,0.3960373632937706,True,False,5.541433655312657,0.9035186114608038,106.57,0.991,262.7883935827051
300918,南山智尚,B,63.31,B,72.7,5,56.18,56.18,44.98031156,1.44174276,1.1204335641843228,15.363222543863346,25.138704679183498,89.6889813007433,-29.702248540857525,19.5,20.0,65.0,91.7,100.0,2026-09-21,2026-09-18,10.8,2026-06-29,10.33,2026-09-11,10.06,0.7298036931703837,0.1469577181530568,0.0025106857826084,0.007951609809611,-0.0108818480540051,True,True,7.355864811133203,0.8386748365918528,0.61,0.681,114.86728086302236
301306,西测测试,B,63.15,A,82.57,4,83.8,57.85,-65.92235388,9.20173448,3.579489379961381,120.2616271791531,19.203665170988664,95.10546049888983,-16.823011340944316,8.0,28.2,20.0,99.7,100.0,2026-09-21,2026-09-18,100.03,2026-06-11,121.0,2026-09-11,95.0,5.793200217775706,4.135551799194246,0.3105549375246852,-0.3692809611425185,1.3596717973344077,True,False,5.294736842105265,0.7447588463402811,2.09,0.894,135.8150337022285
688517,金冠电气,B,62.87,B,68.98,5,22.64,22.64,39.84958212,3.03038111,192.00247905795095,17.96408121787211,49.422410192267904,45.15769697092372,-11.378712849719774,73.5,45.5,68.4,20.0,74.1,2026-09-21,2026-09-18,15.92,2026-06-29,15.8,2026-09-11,14.95,0.9343884198329472,0.218961730067107,-0.1187469159308101,-0.0899622009831195,-0.0575694298953811,True,True,6.4882943143812755,0.9337168777496258,41.76,0.628,110.50272111889927
002568,百润股份,B,62.86,B,29.34,5,190.51,139.39,26.19718131,3.81610258,0.9782202529891376,19.036686003261938,69.72497120169294,46.20112570679705,-5.865968494046658,95.6,77.1,91.9,84.2,100.0,2026-09-21,2026-09-18,17.92,2026-08-31,17.35,2026-09-11,17.08,0.0286309117320904,0.3643835144270245,-0.1904533614626196,-0.2117217594410386,0.0425367959568381,True,False,4.9180327868852665,0.8096147997268383,1.34,0.062,61.07939181000923
603806,福斯特,B,61.9,C,44.42,3,377.75,377.75,33.84389312,2.31983425,0.8502438540864724,16.560576515875223,58.85886014475486,31.352685537441488,-13.227658552679634,89.4,37.6,72.4,79.7,95.3,2026-09-21,2026-09-18,14.37,2026-06-12,14.71,2026-09-02,14.29,0.4514254480088144,0.3660067194789447,-0.2244751674852718,-0.175129654943371,-0.0986910250838016,False,False,0.5598320503848851,0.8147864236728247,3.19,0.42,100.354356921085
603861,白云电器,B,61.52,B,59.6,3,60.76,59.41,28.97308082,1.51794109,1.2320027603884336,14.821373126973159,28.364773810606682,58.01817204505306,-24.365982126182917,29.2,20.6,90.5,92.1,100.0,2026-09-21,2026-09-18,11.21,2026-07-03,12.18,2026-09-02,11.43,0.8009202557270108,0.5339620869107781,-0.2771659318778638,-0.2493499840822174,-0.0556318955912928,False,False,-1.924759405074356,0.8524253947295091,0.73,0.637,110.9578019191017
000036,华联控股,B,61.47,B,59.29,3,57.28,57.24,59.77981004,1.11329987,1.5550600049331664,5.234759537308458,37.44464387206071,57.63955638613572,-25.498010515966275,53.1,20.0,55.0,93.2,100.0,2026-09-21,2026-09-18,3.9,2026-07-09,3.9,2026-09-02,3.88,0.2215841890868155,0.1135097786021582,-0.0784331935499409,-0.0765128302718734,-0.0038407265561349,False,False,0.5154639175257737,0.7245611264562563,0.85,0.633,110.9425572362842
002866,传艺科技,B,61.45,B,58.67,3,42.04,26.68,64.43467711,2.00413043,2.0618832260045057,20.28707757780279,40.46475113928062,64.7370817821328,-28.476637680548965,59.3,20.0,52.2,95.0,94.3,2026-09-21,2026-09-18,14.51,2026-06-11,17.1,2026-09-11,13.68,1.2869755490698918,0.5285959559197562,-0.1927602085208484,-0.2155365722579242,0.0455527274741515,False,False,6.067251461988304,1.1067178541970042,0.55,0.624,110.26871251694496
002465,海格通信,B,61.41,B,76.11,5,257.86,257.45,-26.58202371,2.32551202,1.7256879800814202,15.208808246831232,26.78943686483822,69.65452204413275,-32.80209840156709,25.2,20.0,20.0,93.8,100.0,2026-09-21,2026-09-18,10.22,2026-06-29,11.84,2026-09-07,9.92,0.6666801402974194,0.4495741216658867,-0.0872392062287534,-0.1295109840824526,0.0845435557073983,True,False,3.0241935483871036,0.9911746968394294,4.37,0.73,119.82358140500897
000034,神州数码,B,61.32,B,37.08,5,238.32,199.04,40.21574346,2.08537722,2.2417180001992136,26.989885421632348,72.69741992335899,29.347337972739123,-13.004447283867238,96.0,38.5,68.2,95.6,100.0,2026-09-21,2026-09-18,23.48,2026-08-25,22.6,2026-09-11,22.36,0.1621965412169892,0.224014264830531,-0.4024082859168416,-0.4619605049125609,0.1191044379914386,True,False,5.008944543828269,0.7649291323877766,4.47,0.173,76.99028362496762
300590,移为通信,B,61.24,B,56.59,5,53.62,41.51,40.69101886,2.83554826,4.03544189713917,12.992116345984043,28.899036596095446,41.51031037467638,-11.86963158978116,32.3,43.4,67.8,98.1,100.0,2026-09-21,2026-09-18,11.45,2026-06-29,13.11,2026-09-11,10.85,0.0742124220842139,0.4594631457644793,0.0086080193479052,-0.0413955880473758,0.1000072147905621,True,False,5.529953917050688,1.173839890837052,1.65,0.451,101.40766506852044
301101,明月镜片,B,61.14,B,60.0,5,61.32,59.07,29.41161094,3.45768658,1.1615989134189342,35.59399612155061,25.574009745584895,50.019612847928805,-16.306109889236474,20.4,28.7,90.3,91.8,100.0,2026-09-21,2026-09-18,29.79,2026-06-11,28.78,2026-09-11,27.73,1.2288779006757693,0.5945413339644035,-0.1352776279537053,-0.1184260168234945,-0.0337032222604216,True,True,7.428777497295343,0.7017630057078971,0.67,0.5,103.17891169946624
300051,琏升科技,B,61.07,B,78.94,6,31.7,31.34,-25.33792046,30.28029396,6.761075718507698,10.290632352600932,26.401872111768043,94.2635679941924,-17.69213290513455,23.0,27.3,20.0,88.6,85.1,2026-09-21,2026-09-18,8.47,2026-06-22,8.0,2026-09-03,7.9,1.2420445773731252,0.2847065868573976,-0.0065617980249204,-0.013992853985078,0.0148621119203152,True,True,7.215189873417725,1.293895618935509,2.11,0.699,117.3609259800302
300183,东软载波,B,60.72,B,77.3,4,51.53,41.34,-160.73668772,1.67072912,2.333895344142338,13.13012013534222,20.474384700860192,54.03132640579318,-16.908604890570224,10.2,28.1,20.0,95.9,100.0,2026-09-21,2026-09-18,10.91,2026-06-11,10.65,2026-09-11,10.23,0.7694240753517114,0.2063778693927557,0.1222610936680723,0.1079598309548868,0.0286025254263709,True,True,6.647116324535676,1.7239618537316732,0.94,0.819,126.3298437908285
002056,横店东磁,B,60.3,C,45.35,3,329.57,329.23,18.52027053,3.1071527,1.5651325376038128,23.263458969036247,35.346003490846336,54.01373413732608,-12.738685906427849,49.1,39.7,94.3,93.2,98.1,2026-09-21,2026-09-18,20.3,2026-07-30,19.77,2026-09-11,19.01,1.0087816364125892,1.6713019998226926,-0.6208404051380505,-0.6901291842160904,0.1385775581560797,False,False,6.785902156759595,0.8343554608223894,5.16,0.434,100.56204080205336
002047,宝鹰股份,B,60.22,B,68.27,3,52.77,52.76,81.76801738,169.19879929,1.4938347563630048,4.127053928798387,26.06754031027544,59.708844151468554,-17.616778005371792,22.1,27.4,41.4,93.0,100.0,2026-09-21,2026-09-18,3.4,2026-06-12,3.98,2026-09-07,3.36,0.2595717304197968,0.2033685896495117,-0.0306882224427798,-0.0276443715167285,-0.0060877018521024,False,False,1.1904761904761916,0.5636042727090655,0.77,0.761,122.38296611315792
000338,潍柴动力,B,59.74,B,38.01,5,2339.77,1342.19,18.01443378,2.43468379,2.1611101031793316,25.686615438044296,48.424532914582066,71.76209572449689,6.0085166365273945,72.6,75.9,94.0,95.3,52.3,2026-09-21,2026-09-18,27.23,2026-06-11,26.656,2026-09-02,25.84,0.3612189695868579,1.0659337998126448,-0.451866402647493,-0.4676124335650669,0.0314920618351477,True,False,5.379256965944275,0.9204117323327068,29.17,0.186,79.09309297689538
688560,明冠新材料,B,59.33,A,79.51,5,25.34,25.34,-23.86744514,0.98937435,133.45322422610997,15.580087712401708,41.414015475525204,64.73216563459864,-20.92470705287934,62.4,24.1,20.0,20.0,77.8,2026-09-21,2026-09-18,12.32,2026-06-11,12.77,2026-09-11,11.58,0.8376929816674448,0.367535828929303,0.0250299315315452,0.06004044379674,-0.0700210245303896,True,True,6.390328151986186,0.8381687969432465,33.1,0.779,123.75537981505846
300004,南风股份,B,58.97,B,76.02,3,39.46,39.46,22618.8344527,2.22913883,2.8221834742054206,11.804936882764078,22.22708868770969,71.0139092308471,-30.113984666487305,11.9,20.0,20.0,97.6,92.2,2026-09-21,2026-09-18,8.25,2026-06-29,9.32,2026-08-31,8.33,1.1492489732154194,0.4780388284240604,-0.1846773119751805,-0.1179146687525428,-0.1335252864452755,False,False,-0.9603841536614652,0.4760664267091769,1.12,0.872,133.005186276242
601727,上海电气,B,58.87,B,56.19,3,1011.66,821.28,74.63600343,1.82776365,0.4982046238911766,8.482298151740999,57.24459827005541,39.00429729046492,-23.369824029754604,85.8,21.6,45.9,67.1,72.5,2026-09-21,2026-09-18,6.5,2026-06-26,6.826,2026-09-03,6.52,0.2389485802883415,0.0801988925343118,-0.0700709637855014,-0.0556915726010414,-0.02875878236892,False,False,-0.3067484662576622,0.9807099555142336,4.09,0.588,107.97028116976225
002498,汉缆股份,B,58.79,C,48.76,3,220.9,220.9,38.13374287,2.50032956,3.105059642971796,7.455648183298538,30.860782156478706,80.79133452435944,-11.744762652026486,37.6,43.9,69.6,98.6,100.0,2026-09-21,2026-09-18,6.58,2026-06-11,7.09,2026-09-02,6.21,0.3378906695379964,0.2045513038211514,0.0065938851168523,0.0150924137499525,-0.0169970572662004,True,True,5.958132045088568,1.0193603926834007,6.8,0.482,101.77927663422972
688162,巨一科技,B,58.63,A,79.82,5,33.92,33.92,39.87489227,1.40190085,78.79021836309825,29.463260596693825,23.70397316621091,48.92582558938173,-17.354700373072763,15.9,27.6,68.4,20.0,87.3,2026-09-21,2026-09-18,24.35,2026-06-11,24.721,2026-09-11,22.56,2.0783340183135017,1.183078326191369,0.0693488075959614,0.1420773734927068,-0.1454571317934909,True,True,7.93439716312058,0.651967461017679,26.3,0.783,123.86531126546018
002730,电光科技,B,58.51,B,49.82,6,85.49,81.7,145.76804224,5.24359041,4.186083583302112,24.8816809351883,28.488344199959347,69.91838496043549,-3.1415921505641764,29.6,98.9,20.0,97.6,100.0,2026-09-21,2026-09-18,24.1,2026-06-29,27.1,2026-09-03,22.55,0.0028809140984833,0.8794045702738897,0.1594511172262791,0.0365831055366501,0.245736023379258,True,True,6.8736141906873645,1.235579469060892,3.49,0.283,87.48542199360158
301696,三瑞智能,B,58.24,B,50.71,5,383.97,28.88,72.96252912,18.10139696,7.5024879207285196,116.51649988428015,43.621911498863604,53.70106470894369,-17.616818137058964,64.6,27.4,46.9,88.0,95.0,2026-09-21,2026-09-18,95.99,2026-07-21,91.325,2026-09-11,89.77,3.2203249767460136,3.952765454538518,-2.4336232393673214,-2.8144985760209313,0.7617506733072199,True,False,6.928818090676171,0.9797891636095843,2.17,0.367,93.62195456036852
688638,誉辰智能,B,58.14,B,79.12,3,18.48,8.73,-10.79524239,2.49877547,159.88535892529018,37.7801937691078,38.447818990174284,43.73651105786375,-14.055496384059973,55.8,34.0,20.0,20.0,67.7,2026-09-21,2026-09-18,32.47,2026-06-11,32.5,2026-08-31,30.49,2.8095457737660183,1.1625956134072786,-0.1135982356888476,0.0607792776327065,-0.3487550266431083,False,True,6.493932436864547,0.9950143973610958,13.74,0.916,139.1237060505593
688651,远江盛邦安全,B,58.13,A,83.19,4,24.83,11.39,-48.09375,2.79602358,654.1859848678117,28.682493450176786,32.80960620674271,65.90196486940306,-18.905237299525513,42.5,26.1,20.0,20.0,77.1,2026-09-21,2026-09-18,23.26,2026-06-11,22.899,2026-09-11,22.36,1.735716497269891,1.190079534208737,0.129610417077675,0.192389870668588,-0.1255589071818259,True,True,4.0250447227191515,1.6742682982150363,71.54,0.903,136.51330689222846
000551,创元科技,B,57.81,B,33.36,5,60.35,60.3,19.25285456,1.97041545,3.246394379961828,15.12743574523499,47.58680850964012,55.873893194183644,-18.294149727965024,71.7,26.7,94.6,99.1,100.0,2026-09-21,2026-09-18,12.36,2026-08-25,12.02,2026-09-11,11.74,0.0334252049837839,0.0800849275758845,-0.340572559512637,-0.411433990464988,0.141722861904702,True,False,5.28109028960817,0.9469025871180444,1.94,0.119,66.81549148845068
688228,开普云信息科技,B,57.55,A,91.9,5,55.96,55.96,-165.92554548,4.61730527,185.2104994821672,126.04889696270799,9.75561680654868,125.65874979371365,-36.61190067879871,1.3,20.0,20.0,20.0,100.0,2026-09-21,2026-09-18,79.9,2026-06-11,81.24,2026-08-31,75.18,8.529371636634792,4.0185190548133605,0.3486112919438824,0.7308292869445914,-0.7644359900014179,True,True,6.278265496142589,0.6022686884249163,99.96,0.956,157.0452162991207
300342,天银机电,B,57.37,B,72.39,5,137.88,136.36,695.92361824,8.76655698,2.149125685523277,44.306016589219716,19.289451953001315,109.60146459166165,-27.391351160583866,8.4,20.0,20.0,95.3,100.0,2026-09-21,2026-09-18,32.17,2026-06-24,40.72,2026-09-11,30.78,2.5008545635945723,1.1836070168341868,-0.8211913973187421,-0.9537482910199616,0.2651137874024387,True,False,4.515919428200132,0.8567476135460322,2.91,0.677,114.14428729432603
002709,天赐材料,B,57.17,C,46.28,3,683.53,505.97,17.28285027,3.36985789,2.45225512167052,44.49576937111462,34.81154085311343,57.36948852074208,-25.0265801187464,46.9,20.0,93.6,96.3,83.2,2026-09-21,2026-09-18,33.36,2026-07-29,34.65,2026-09-11,31.68,2.9358398388336013,1.4638597088314382,-1.4334099669834617,-1.4853276014083583,0.1038352688497941,False,False,5.303030303030303,0.8739112945005516,12.34,0.447,101.40474617667296
600032,浙江新能,B,57.14,B,59.34,4,170.01,170.01,45.92570131,1.31269635,1.0361190864867043,9.159365891170193,24.328071030571888,54.166369720113615,-22.920428292902052,17.7,22.1,64.3,91.4,100.0,2026-09-21,2026-09-18,7.06,2026-06-29,6.78,2026-08-31,6.66,0.6740747452529225,0.3464371032717394,0.0090645330759286,-0.0343771358755252,0.0868833379029078,True,True,6.006006006005998,1.588799275633355,1.76,0.562,106.08446476884696
603026,石大胜华,B,56.94,C,49.38,3,139.83,139.83,26.78929581,2.58587999,1.642450943509855,80.44147012766021,27.707470890859305,62.476062491583725,-23.98199597427141,27.4,21.0,91.6,93.5,100.0,2026-09-21,2026-09-18,61.15,2026-06-08,78.0,2026-09-07,59.82,2.622765796362401,4.030485768681227,-1.2609892373953857,-1.3737726153396317,0.2255667558884919,False,False,2.2233366766967544,0.821327075364128,2.34,0.491,102.33880497517096
300073,当升科技,B,56.93,C,37.92,3,209.61,194.85,24.90616623,1.39265707,1.577289179814014,53.76794226434408,41.31804557132005,52.647398276271595,-27.63345896946673,61.9,20.0,92.5,93.3,100.0,2026-09-21,2026-09-18,38.91,2026-07-17,38.08,2026-09-11,36.21,2.0924367648127884,0.6483222051266742,-0.9263190058572944,-1.0529902496331551,0.2533424875517212,False,False,7.456503728251852,0.9341081932543231,3.11,0.327,91.38551976645948
603698,XD航天工程,B,56.84,B,62.17,5,117.81,117.81,57.77795046,3.34398008,2.235601410474076,33.14485572777122,21.660232649215953,72.96442015304471,-33.77554519988857,11.1,20.0,56.4,95.6,100.0,2026-09-21,2026-09-18,21.95,2026-06-11,29.69,2026-09-11,21.0,1.0915880148710286,2.040074379475106,-0.6516382248539081,-0.8597519250119298,0.4162274003160433,True,False,4.52380952380952,0.8925874793806935,2.63,0.531,104.91285924600233
002449,国星光电,B,56.8,C,47.21,3,41.56,41.56,-48.10894501,1.11027982,1.4211842312969842,7.953758759611533,55.33975343542893,35.31173417114462,-17.52327172265916,81.0,27.5,20.0,92.7,93.9,2026-09-21,2026-09-18,6.56,2026-06-29,7.21,2026-09-11,6.29,0.1519099779340686,0.0461550188013251,-0.0205344283797002,-0.0141023843695777,-0.0128640880202448,False,True,4.29252782193958,0.5890739520960497,0.58,0.46,101.569304839458
600808,马钢股份,B,56.79,B,74.16,3,197.91,153.37,-97.04926478,0.82597306,1.0075185463672245,3.3595575569609455,9.037794480940871,53.715052430256684,-23.501831523171735,0.9,21.5,20.0,91.3,100.0,2026-09-21,2026-09-18,2.57,2026-06-09,2.63,2026-09-02,2.54,0.2509180720224204,0.0689475124659659,-0.0014562462246865,0.004516455122942,-0.0119454026952572,False,True,1.1811023622047168,0.8080338399399771,1.55,0.845,128.9648724780483
001369,双欣材料,B,56.56,B,26.55,5,145.67,26.35,27.58184314,2.07006921,4.066984998990111,15.19651032434361,57.95967708736028,41.069859598473315,-18.073296208958702,86.7,26.9,91.2,98.0,100.0,2026-09-21,2026-09-18,12.45,2026-08-21,12.12,2026-09-11,11.92,0.0234152242148155,0.0330469152691306,-0.131375407507166,-0.1367941620112173,0.0108375090081025,True,False,4.4463087248322095,0.8677777264374023,1.05,0.022,51.00551948907368
605056,咸亨国际,B,56.28,B,55.27,3,56.58,55.75,21.65259712,3.22642588,1.7652999604356245,19.703116221265535,16.40176818689803,72.80279437573643,-31.58442629774948,4.0,20.0,94.2,93.9,100.0,2026-09-21,2026-09-18,13.48,2026-06-29,15.21,2026-09-02,13.6,1.4266056654508112,0.1015140012033564,-0.3467585318204929,-0.3426210699128962,-0.0082749238151932,False,False,-0.8823529411764649,1.1345823552168937,0.96,0.575,107.05309080246164
603933,睿能科技,B,54.38,B,33.67,5,40.1,40.1,61.61562353,2.96515731,1.377294492038638,23.01785006298089,55.799747716795345,46.66724556606413,-15.630695539055727,82.3,29.4,54.0,92.6,92.8,2026-09-21,2026-09-18,19.42,2026-06-29,21.08,2026-09-11,18.09,0.133736095790887,0.0670838480587573,-0.1474380286717398,-0.1978832510427809,0.1008904447420822,True,False,7.352128247650647,0.8623810156977153,0.56,0.124,67.56019941052855
002361,神剑股份,B,54.32,B,68.05,5,101.19,89.86,-243.81522043,4.67324827,10.72791406704924,14.59093296534012,23.223023148605094,86.9234266698197,-28.106036639888877,14.6,20.0,20.0,75.1,100.0,2026-09-21,2026-09-18,10.49,2026-06-26,13.08,2026-09-08,9.84,0.7096541343180771,0.4312364328972157,-0.2280080803811159,-0.2527292699090243,0.0494423790558167,True,False,6.605691056910573,0.8440907927735526,9.5,0.615,109.6841505367262
002962,五方光电,B,49.68,B,40.18,5,39.9,28.62,163.96942387,2.27177805,4.658875314967952,16.862886427173308,37.78549095822378,52.094534931363555,-19.94253143847463,54.9,25.1,20.0,95.9,92.6,2026-09-21,2026-09-18,13.5,2026-06-15,16.22,2026-09-11,12.52,0.0318605266031859,0.9991493927335238,0.0439908794225853,-0.0444553358935738,0.1768924306323185,True,False,7.827476038338661,1.3077244821478198,1.32,0.217,81.0220937375699
300442,润泽科技,B,49.09,B,31.19,5,1026.47,1023.46,19.11043457,7.08295081,1.2441417308193812,78.13718169137526,33.387794987898914,63.46271437216381,-19.00142975468244,43.8,26.0,94.6,92.1,72.1,2026-09-21,2026-09-18,63.29,2026-08-25,60.374,2026-09-11,59.304,0.3153715025584205,0.3465899866405904,-1.2685547560018549,-1.5340434191497712,0.5309773262958326,True,False,6.721300418184266,0.9724133291528064,12.88,0.088,64.00686719711854
002402,和而泰,B,46.94,B,37.7,5,175.91,155.92,32.01476203,2.429618,2.949851134224719,34.422911933143986,16.516713191388728,100.10854832697387,-44.833255138663795,5.3,20.0,73.7,98.1,100.0,2026-09-21,2026-09-18,18.99,2026-08-25,17.94,2026-09-11,17.61,0.1815212746633641,0.3460406553781494,-0.5205510260181185,-0.6458481419819848,0.2505942319277325,True,False,7.836456558773419,1.0512806432274864,4.58,0.181,78.8686386882161
600877,电科芯片,B,46.81,B,29.65,5,143.98,143.98,639.94570714,5.77761765,1.3581749995379455,16.596003088422137,45.247504729904605,66.26844530431096,-26.307557700251273,68.1,20.0,20.0,92.5,100.0,2026-09-21,2026-09-18,12.23,2026-08-25,11.61,2026-09-11,11.36,0.0475425697254046,0.0426437094633549,-0.2035862828220214,-0.2681053830415629,0.1290382004390831,True,False,7.658450704225361,1.2903673566620617,1.97,0.066,61.93844145276265
688608,恒玄科技,B,46.76,B,39.25,5,246.79,246.79,53.61546903,3.5079942,336.8893652060478,130.32268426122477,40.21573913177199,64.78401683870173,-20.773577842334056,58.4,24.2,59.2,20.0,100.0,2026-09-21,2026-09-18,103.25,2026-06-11,100.843,2026-08-31,99.05,2.1974568260888105,3.0413990129815565,-4.057397057297706,-4.620584228351657,1.126374342107901,True,False,4.240282685512371,1.238217166126052,823.98,0.204,80.56324803111714
688283,坤恒顺维,B,45.14,B,51.02,5,37.58,37.58,83.86371174,3.89143436,98.55311986863711,37.44711274759483,29.45722983645103,65.04495982971589,-27.01707022324341,34.1,20.0,40.1,20.0,90.6,2026-09-21,2026-09-18,27.33,2026-06-24,27.39,2026-09-11,25.62,1.6260159273014665,0.1640005587245903,-0.4764896268704319,-0.4784715416130103,0.0039638294851567,True,False,6.67447306791568,0.8927427319725072,32.81,0.372,93.80175307576836
688295,中复神鹰碳纤维,B,43.63,B,52.88,5,342.99,342.99,222.11994654,7.20273037,92.68852222222222,47.92562779340224,26.42045733333887,70.47204532764408,-19.208152750937046,23.5,25.8,20.0,20.0,97.3,2026-09-21,2026-09-18,38.72,2026-08-25,37.13,2026-09-11,36.7,0.365224246972275,0.2950123006838465,-0.8147695868265998,-0.9549715452023736,0.2804039167515473,True,False,5.50408719346048,1.09731450901623,323.0,0.398,98.1480215722491
000625,长安汽车,B,43.18,B,35.84,5,708.77,591.09,27.24574152,0.9321434,0.432496767980996,9.171573329973889,17.63219417561301,59.04625113675321,-22.368826548756704,6.2,22.6,91.4,64.7,82.5,2026-09-21,2026-09-18,7.12,2026-08-19,7.02,2026-09-11,6.98,0.0102584489983703,0.1006714152103727,-0.0270737204071602,-0.0361466910818588,0.0181459413493971,True,False,2.005730659025783,1.2632438958719392,2.55,0.155,74.78489753639714
603308,应流股份,B,42.13,B,33.98,5,305.72,305.72,80.11133986,5.89336436,3.936238987969919,54.116965315387475,13.941053273194532,73.857861692442,-19.784859060349213,1.8,25.2,42.4,98.5,99.6,2026-09-21,2026-09-18,43.41,2026-06-29,57.84,2026-09-03,41.75,0.3060697336672575,0.2326861476184119,-1.2624745486018298,-1.336553478582146,0.1481578599606323,True,False,3.976047904191608,1.1000922337872856,12.45,0.128,68.3606811830626
600118,中国卫星,B,38.72,B,32.43,5,697.55,697.55,693.29420057,10.89137695,2.733158305086668,76.78853149299141,22.271908604624013,89.0667091470765,-22.3842430097263,12.4,22.6,20.0,97.3,82.8,2026-09-21,2026-09-18,59.6,2026-06-26,68.668,2026-09-11,56.65,2.0468157994443175,0.0434186058819845,-1.6165433423726867,-1.945620089717856,0.6581534946903385,True,False,5.207413945278028,0.9394747385839352,19.26,0.106,66.20096057294971
688387,中信科移动,B,31.14,B,26.24,5,434.86,256.53,-179.67165217,7.30347212,143.96690918560563,15.243672001397465,26.029015326495745,92.15475829287655,-16.555538594415488,21.7,28.4,20.0,20.0,92.4,2026-09-21,2026-09-21,12.72,2026-08-25,11.95,2026-09-11,11.79,0.0945030910647855,0.0010849671926173,-0.3407249221785413,-0.4226776319259173,0.163905419494752,True,False,7.888040712468207,0.8801949731504614,369.32,0.018,47.5403114514753
301026,浩通科技,C,74.71,C,60.49,2,43.87,31.69,18.59618633,2.5344862,1.7031508540749147,21.695866617673264,66.93688509578169,35.74945807891626,-10.075037131232524,93.4,51.1,94.3,93.7,95.7,2026-09-21,2026-09-18,19.51,2026-06-10,20.48,2026-09-02,19.57,0.2399375071434413,0.4354964744532308,-0.348741968631522,-0.1743900248931035,-0.348703887476837,False,False,-0.3065917220234988,0.502997895973933,0.53,0.721,118.55083200469822
002108,沧州明珠,C,73.93,C,69.78,2,73.2,73.17,36.1770811,1.44127539,1.018150380195256,4.941107043458191,53.790590795646196,39.311850830542454,-11.35589734290563,78.3,45.6,70.9,91.3,100.0,2026-09-21,2026-09-18,4.38,2026-06-08,4.43,2026-09-07,4.29,0.2411660242739506,0.1807188150037125,0.0138907283297271,0.0222264045283533,-0.0166713523972524,False,True,2.0979020979020944,0.9433490680840088,0.73,0.854,129.17439362747302
600816,建元信托,C,73.09,C,62.35,2,238.24,132.35,20.75072735,1.57568569,0.8646170694603029,2.774240020321924,60.16770169256097,29.53747715205382,-12.768903113178286,90.7,39.5,94.6,80.2,100.0,2026-09-21,2026-09-18,2.42,2026-06-11,2.58,2026-09-02,2.46,0.0782095635138855,0.137558261259663,-0.0271381752710775,-0.0192725664348058,-0.0157312176725434,False,False,-1.6260162601626031,0.6900076631626884,1.14,0.748,120.84167470081246
603730,岱美股份,C,65.96,C,47.79,2,214.21,214.21,25.54081073,4.60130906,0.5564244233668115,10.0798311430571,41.008978501835756,65.10651314332453,-4.06585325925215,61.1,91.5,92.2,69.2,100.0,2026-09-21,2026-09-18,9.67,2026-06-26,10.77,2026-09-01,10.11,0.0860339961507232,0.7648743146221064,-0.1924278134314345,-0.0545188535990072,-0.2758179196648545,False,False,-4.352126607319481,0.977053348284762,1.16,0.54,105.33396380586564
600062,华润双鹤,C,64.82,C,40.04,2,167.42,167.36,10.37709994,1.3669039,0.4341157567609009,17.180351796801858,96.86106091662093,16.67950441541801,-7.6270370496475115,100.0,63.0,90.2,64.8,100.0,2026-09-21,2026-09-18,15.87,2026-06-08,16.201,2026-09-02,15.91,0.2392873478611754,0.0733021298690849,-0.0861712884752137,-0.0711437367270134,-0.0300551034964005,False,False,-0.2514142049025828,0.7892610512110032,0.72,0.429,100.52623345640605
603158,腾龙股份,C,63.94,C,58.32,2,53.89,53.89,71.42682363,2.35852283,2.2771352425453557,11.94505609950538,41.722301540842935,50.80492345300362,-12.850974384029412,62.8,39.2,47.9,95.7,100.0,2026-09-21,2026-09-18,10.41,2026-06-29,11.19,2026-09-11,10.28,0.6573150238924086,0.3616582027000746,-0.0140266748990178,0.0750222508829629,-0.1780978515639617,False,False,1.2645914396887237,0.563727343720561,1.16,0.69,116.90372955438676
601001,晋控煤业,C,63.35,C,26.37,1,294.74,294.74,17.55674898,1.54057793,0.9605484853916473,16.694885251668246,64.08689085845656,42.933239315558,0.6895210514864081,91.6,100.0,93.8,83.6,100.0,2026-09-21,2026-09-18,16.81,2026-06-29,16.483,2026-09-04,16.13,0.2334779018222796,0.4567665762519412,-0.127853989426061,-0.1074604386133651,-0.0407871016253917,False,False,4.215747055176688,0.7773715421747448,2.7,0.305,89.39698978195173
603977,国泰集团,C,63.33,C,49.03,2,71.57,71.57,31.2628287,2.08184347,0.735381906705741,13.985561389604134,60.67925445045867,34.86220981199346,-18.84487376790769,91.2,26.2,74.2,75.5,100.0,2026-09-21,2026-09-18,11.35,2026-06-11,11.99,2026-09-02,11.24,0.2593864990765873,0.5125084757913995,-0.1384170301121514,-0.100107092778506,-0.0766198746672908,False,False,0.9786476868327352,0.7005250760076361,0.52,0.558,106.0102068463748
002124,天邦食品,C,63.03,C,57.92,0,51.1,45.36,-1.59492307,6.20745861,3.623407137097243,2.5722927599888106,49.39523431915691,34.05118750641522,-12.5293965368939,73.0,40.6,20.0,99.6,100.0,2026-09-21,2026-09-18,2.25,2026-06-09,2.26,2026-09-03,2.18,0.1071417271756653,0.0814250645404698,-0.0061281541046347,0.0153655618239313,-0.0429874318571321,False,False,3.2110091743119193,0.6939146880735242,1.61,0.827,126.43981472704088
000400,许继电气,C,62.94,C,49.96,2,207.58,206.87,21.86981234,1.67909839,0.9677502530774836,26.324709598169665,45.992446572611925,44.02591978157005,-22.620229013214598,69.5,22.4,94.1,83.8,100.0,2026-09-21,2026-09-18,20.37,2026-06-11,21.189,2026-09-03,20.94,1.0036910429328607,0.7331193737650537,-0.4621503063227976,-0.3468749348200553,-0.2305507430054846,False,False,-2.722063037249285,0.6965785092725196,2.0,0.571,106.59468737222744
301439,泓淋电力,C,62.39,C,36.95,2,56.58,26.64,26.83342938,1.89831298,2.8937148247696487,16.698052148773,58.542874914586726,52.48920603449862,-13.882170974914187,88.9,34.8,91.6,97.9,100.0,2026-09-21,2026-09-18,14.38,2026-06-29,15.34,2026-09-11,13.94,0.366373927803334,0.4666757072045089,-0.2100573101635223,-0.1612159738702691,-0.0976826725865065,False,False,3.1563845050215305,0.7914787219802257,0.76,0.385,95.30062445082494
002706,良信股份,C,61.93,C,49.91,1,100.18,81.62,57.98387448,2.37463721,2.991258075406082,11.023089165590003,53.949829372156046,42.610279204236924,-22.979848276083693,78.8,22.0,56.3,98.2,100.0,2026-09-21,2026-09-18,8.49,2026-07-09,9.53,2026-09-02,9.05,0.5451492379445604,0.3238907375492186,-0.2616868914174475,-0.1780583909407425,-0.16725700095341,False,False,-6.187845303867409,0.7572446212456365,2.32,0.642,111.3371229927584
002366,融发核电,C,61.51,C,67.61,2,119.65,106.4,-163.74437911,2.58830227,1.1064095305174038,7.246699339366361,35.902619541820776,46.28911169711063,-21.343500908947632,50.4,23.7,20.0,91.6,100.0,2026-09-21,2026-09-18,5.7,2026-06-11,5.92,2026-09-03,5.79,0.3851188920275472,0.1736748855171243,-0.0510855810332859,-0.0082059604971971,-0.0857592410721775,False,False,-1.5544041450777175,0.5397387557189482,1.17,0.823,126.34268543470864
300052,中青宝,C,61.17,C,59.25,2,27.36,27.36,-45.63445506,8.30966123,2.9189795192912418,12.578387812221914,54.84975379348538,43.44722333661248,-18.431517988094072,80.1,26.6,20.0,98.0,80.3,2026-09-21,2026-09-18,10.26,2026-06-04,10.61,2026-08-31,10.21,0.5247973505284111,0.8314435536636062,-0.1713041228182295,-0.0584509943787136,-0.2257062568790316,False,False,0.4897159647404401,0.6402034597026676,0.78,0.704,117.43538692657464
300828,锐新科技,C,60.92,C,66.37,2,29.17,16.62,106.08579885,3.702249,3.7343239269907396,19.48860727023571,34.97189722520015,54.13023662107068,-13.12873328892714,47.3,38.0,20.0,99.2,82.4,2026-09-21,2026-09-18,16.93,2026-06-29,17.8,2026-09-03,16.1,0.4361828787993396,0.0163828829924316,0.079580190318623,0.1882165522363934,-0.2172727238355407,False,True,5.155279503105579,0.5703031095666037,0.6,0.805,124.52994929769451
000586,汇源通信,C,59.58,C,77.83,2,27.41,27.09,-144.19307713,8.68963081,4.60693550917935,16.179955396031545,22.60893190259718,66.05373226086647,-15.821770415136161,13.3,29.2,20.0,96.1,80.3,2026-09-21,2026-09-18,13.62,2026-06-11,14.32,2026-09-04,13.31,1.4338481270250298,0.5741823392896812,0.354766425090931,0.4249163468925085,-0.140299843603155,False,True,2.3290758827948816,0.9801904630874908,1.2,0.969,161.7502799316663
688586,江航飞机装备,C,59.21,C,75.97,2,88.71,88.71,185.44888731,3.56911837,46.76446213916401,13.056942921643595,37.4754323318989,46.24876680155353,-14.9877573440235,53.5,30.0,20.0,20.0,100.0,2026-09-21,2026-09-18,11.1,2026-06-11,11.3,2026-09-07,10.97,0.7045613058427538,0.4413743825897731,0.0798514666713714,0.1297166825426567,-0.0997304317425705,False,True,1.1850501367365451,0.6183797700636284,41.08,0.942,154.07298545767878
000727,冠捷科技,C,59.07,C,46.55,2,103.73,103.73,-14.99393431,6.20818011,1.0424285634473607,2.664239840132999,67.83395649332986,28.82735706204027,-15.92348533125384,93.8,29.1,20.0,91.4,100.0,2026-09-21,2026-09-18,2.24,2026-06-12,2.47,2026-09-11,2.18,0.0170414936140272,0.0864461479039826,-0.0098055227152662,-0.0079838603314084,-0.0036433247677155,False,False,2.7522935779816535,0.7014157788740382,1.06,0.522,104.21674349561911
002044,美年健康,C,58.54,C,45.93,2,178.49,176.66,55.03830467,2.24488924,2.289217581897131,5.758344692943799,45.53922445672588,56.431835096444146,-23.241830149275177,68.6,21.8,58.2,95.8,100.0,2026-09-21,2026-09-18,4.42,2026-06-11,4.811,2026-08-31,4.5,0.1679377444567116,0.1191542680999045,-0.1003480355363484,-0.0716494834355297,-0.0573971042016374,False,False,-1.7777777777777797,1.1506525518125197,3.92,0.513,103.45198626848426
600481,双良节能,C,58.36,C,65.75,2,86.28,86.28,-6.71669217,2.17006988,1.405904557595691,6.468971884078515,30.435470851748853,89.74774076765449,-35.84761111400076,36.7,20.0,20.0,92.7,100.0,2026-09-21,2026-09-18,4.15,2026-06-24,4.26,2026-09-03,4.18,0.444429092114321,0.0521866490567369,-0.043463093698131,-0.0239518147150039,-0.0390225579662542,False,False,-0.7177033492822814,0.7562495258167772,1.2,0.796,124.3782690834778
600860,京城股份,C,58.1,C,60.8,2,42.13,34.28,-41.91825807,5.30705004,2.166963094390329,11.71454880868468,37.17039767811374,65.07805595562863,-31.111303287948765,51.8,20.0,20.0,95.3,94.4,2026-09-21,2026-09-18,8.07,2026-06-11,8.6,2026-08-31,8.24,0.613636549953064,0.0943278602603355,-0.0814502635597911,-0.0223356493192283,-0.1182292284811255,False,False,-2.0631067961165037,0.7364528432010796,0.78,0.726,119.14965775111168
002850,科达利,C,58.04,C,15.27,2,501.65,367.33,25.88947115,3.31798039,1.4784827272050987,178.7255139844942,64.39481260193514,31.63539161187118,-3.203523580293599,92.5,98.4,92.1,92.9,89.5,2026-09-21,2026-09-18,173.0,2026-07-20,165.51,2026-09-11,163.21,0.5051316345683858,4.3869345489738745,-3.0957951358999196,-2.958608538333713,-0.2743731951324131,False,False,5.998406960357816,1.0655798789007918,5.36,0.075,62.56878913258703
600328,中盐化工,C,57.58,C,61.06,1,84.9,84.9,-33.82308155,0.72594004,1.226460006926791,8.009492689142682,34.766100460269676,52.18384218446869,-29.58355517765393,46.0,20.0,20.0,92.0,100.0,2026-09-21,2026-09-18,5.64,2026-06-09,6.355,2026-09-02,6.23,0.462376084509585,0.0530770545405517,-0.1626729045313606,-0.0767921420664753,-0.1717615249297706,False,False,-9.470304975922964,1.046015616414122,1.01,0.801,124.4523665296902
002470,金正大,C,56.78,C,71.28,1,70.65,70.64,-18.3998588,4.32813363,5.33693772348814,2.511164660040842,14.447246258957872,61.30715794169978,-15.577021541649117,2.7,29.4,20.0,93.6,100.0,2026-09-21,2026-09-18,2.12,2026-06-09,2.11,2026-09-04,2.01,0.1886519924439129,0.0964598034335342,0.0383976907028329,0.0713754344483346,-0.0659554874910034,False,True,5.472636815920414,0.931916397403292,3.72,0.947,154.0733186243
600499,科达制造,C,56.11,C,24.51,1,256.8,256.8,13.89452788,1.93749923,0.7937090634853483,15.151266213920033,59.79278778241747,44.91323479847219,-11.294542579865896,90.3,45.9,91.9,77.6,100.0,2026-09-21,2026-09-18,13.44,2026-06-08,14.06,2026-08-31,13.9,0.3998502092791867,0.2463142363182439,-0.2290469852296563,-0.1258145214153298,-0.206464927628653,False,False,-3.3093525179856176,0.8425611271169413,2.05,0.279,87.1595947987001
601360,三六零,C,56.0,C,56.77,2,632.06,632.06,83.11297905,2.23741335,1.2945660506909853,10.969140744840157,32.656131825840646,44.36433410713321,-20.048432197158427,41.2,25.0,40.6,92.3,84.8,2026-09-21,2026-09-18,8.77,2026-06-11,8.88,2026-09-11,8.58,0.3706866114765486,0.1974454569324501,-0.0862790940878266,-0.0729009309501236,-0.026756326275406,False,False,2.2144522144522085,1.147529724237131,7.95,0.668,113.35207420751355
688529,豪森智能股份,C,55.94,C,71.95,2,24.55,24.55,-2.02188748,3.70511807,73.75002061085392,17.633002437346608,41.20326221250163,41.22715256032846,-18.334951457269266,61.5,26.7,20.0,20.0,76.7,2026-09-21,2026-09-18,14.4,2026-06-11,16.26,2026-08-28,15.11,0.7121871633377221,0.6179395441271223,-0.2904262373488802,-0.1436803233399572,-0.2934918280178458,False,False,-4.698874917273323,0.997939894739778,17.86,0.885,134.0617314410465
605020,永和股份,C,55.9,C,13.1,2,161.93,161.93,20.16156607,2.68157164,1.2924937365696363,33.17914001315957,50.89229383961546,55.14797060335132,-2.890792265197817,75.2,100.0,94.9,92.3,100.0,2026-09-21,2026-09-18,32.22,2026-08-25,30.44,2026-09-11,30.03,0.1645893408920429,0.248368777052133,-0.552321088742822,-0.54362792546903,-0.0173863265475839,False,False,7.292707292707284,0.6572170594904103,2.13,0.044,59.04997631587117
601689,拓普集团,C,55.89,C,42.57,3,795.23,795.23,31.72442674,3.28365688,1.7342549748003204,62.18831202715238,44.09833496288339,50.03271782320038,-27.639135822898197,66.4,20.0,73.8,93.8,80.1,2026-09-21,2026-09-18,45.0,2026-06-29,51.16,2026-09-02,45.43,1.3469548138161611,2.246880554462468,-1.4993141895326758,-1.4613827761817142,-0.0758628267019232,False,False,-0.9465111160026408,1.112334814732131,13.56,0.394,97.65280658792726
688208,道通科技,C,55.6,C,61.68,1,168.95,168.95,19.00176723,4.51782757,112.61141491572259,31.715109391212213,27.355081003791113,45.02366568800335,-21.551586995648584,27.0,23.4,94.5,20.0,100.0,2026-09-21,2026-09-18,24.88,2026-06-11,26.52,2026-09-10,24.67,1.971498956596374,2.132610158288144,-0.3643977423004827,-0.322549723122623,-0.0836960383557194,False,False,0.8512363194162841,0.6113040054412914,187.77,0.81,124.74351195991449
002403,爱仕达,C,55.28,C,56.42,1,34.54,30.13,-11.02912432,2.63677689,7.833653957016915,11.32597834676601,35.27179634733452,62.481558797429784,-14.532769676678736,48.2,32.0,20.0,86.7,87.9,2026-09-21,2026-09-18,9.68,2026-06-05,9.55,2026-08-28,9.06,0.228925629863463,0.2135565233603855,0.1003477371085477,0.3107970297983574,-0.4208985853796194,False,True,6.843267108167761,1.1979848713680206,2.25,0.735,120.02860177406706
300080,易成新能,C,55.01,B,53.72,3,70.25,70.24,-8.90603516,1.70175165,0.7829152209519605,4.956450429621371,40.73830557165019,52.077136926020785,-24.74453133419233,60.6,20.3,20.0,77.2,100.0,2026-09-21,2026-09-18,3.73,2026-06-10,3.81,2026-09-07,3.65,0.1986445617408527,0.0076379307915191,0.0027967168127678,0.0137078809889205,-0.0218223283523054,False,True,2.1917808219178103,1.0229259308186158,0.55,0.553,105.86314481196632
603040,新坐标,C,54.89,C,33.94,4,93.92,93.92,37.26502816,6.19367179,0.8328847990857593,58.88431344787559,55.25742563753448,44.194090481239556,-18.73896934816632,80.5,26.3,70.1,79.0,100.0,2026-09-21,2026-09-18,47.85,2026-07-30,48.77,2026-09-02,47.07,1.328012329766949,1.962026597055345,-1.9100722900229528,-1.9572655347427856,0.0943864894396657,False,False,1.6571064372211624,0.7654343522717616,0.79,0.199,80.1269519427712
002940,昂利康,C,54.7,C,47.48,2,47.93,43.88,41.88179229,2.8966464,3.5339377234517335,32.64586906859288,28.898539324403927,55.60583195618043,-29.056874083094353,31.9,20.0,67.0,99.9,98.6,2026-09-21,2026-09-18,23.16,2026-06-29,25.32,2026-09-02,24.21,1.914862447540358,0.4045783762878469,-0.866733951011927,-0.6243047165211641,-0.4848584689815256,False,False,-4.337050805452295,0.5303349586295528,1.51,0.535,105.06972124335904
002364,中恒电气,C,54.69,B,50.31,3,203.17,201.22,151.75194233,8.20972082,3.6150227175803162,39.87273323088979,28.697239264872152,75.11087479713034,-9.31145905998113,31.0,54.4,20.0,99.6,100.0,2026-09-21,2026-09-18,36.16,2026-07-21,33.99,2026-09-11,33.62,2.346520156552294,3.1801417040361617,-1.3172843875798748,-1.3907974667211471,0.1470261582825451,False,False,7.55502676977989,0.7135480902215247,7.3,0.504,103.24688861298338
001289,龙源电力,C,54.56,C,37.96,4,1258.15,758.81,35.49955789,1.63261645,0.0815203028501901,16.730279697856133,86.67363734715668,22.091916124127113,-10.10311679411272,99.1,51.0,71.3,38.2,65.6,2026-09-21,2026-09-18,15.04,2026-07-03,15.31,2026-08-31,15.02,0.2421009414244483,0.2969799059576443,-0.2067986574550957,-0.2154622671904136,0.0173272194706358,False,False,0.1331557922769612,0.9514136577532164,0.62,0.257,84.12901739975258
300801,泰和科技,C,54.32,C,30.8,3,47.85,30.11,30.20465511,1.7947945,2.146330676045116,28.43698901093273,52.113378357296746,46.20368190600425,-23.409612770091158,76.1,21.6,74.9,95.3,98.6,2026-09-21,2026-09-18,21.78,2026-08-03,21.88,2026-09-11,20.63,1.169701308364477,0.0876526363867871,-0.5342976151946601,-0.553650526042631,0.0387058216959417,False,False,5.574406204556482,0.8779172634594321,0.64,0.226,81.82062396617474
600683,京投发展,C,54.06,C,43.45,2,74.0,74.0,-5.8462272,-5.05317186,2.1805465048371326,10.053574004293033,27.248656050559315,125.431378906114,-4.113701297831296,25.7,91.1,20.0,95.4,100.0,2026-09-21,2026-09-18,9.64,2026-06-15,12.0,2026-09-11,9.19,0.401486647139885,0.7890889024252676,-0.1721572762779573,-0.0989795017427171,-0.1463555490704803,False,False,4.896626768226345,0.3841834105013124,1.56,0.478,101.76930022682618
300774,倍杰特,C,53.9,C,65.13,2,41.12,20.53,266.12810288,2.82327587,3.0435009888107394,16.07466665811539,20.35254381245583,102.24353869499699,-37.97694090927486,9.3,20.0,20.0,98.4,93.6,2026-09-21,2026-09-18,9.97,2026-06-08,11.84,2026-08-31,10.65,1.1653861236941072,0.1635467350691018,-0.2076359847977258,-0.0486169331480696,-0.3180381032993124,False,False,-6.384976525821593,0.748309088062365,0.62,0.788,123.98748655489534
601106,中国一重,C,53.56,B,65.18,3,209.85,209.85,-100.83725598,4.05237664,0.7226723348865195,4.1040007805860075,24.60388361048617,72.62743025446349,-25.925940014906125,18.1,20.0,20.0,75.1,100.0,2026-09-21,2026-09-18,3.04,2026-06-11,3.38,2026-09-07,3.0,0.1820504061441328,0.0608483666868068,-0.0190811716511256,-0.016244001371542,-0.0056743405591672,False,False,1.3333333333333344,1.051939375905498,1.51,0.717,118.47759604633704
603341,龙旗科技,C,53.44,C,20.88,3,193.37,99.02,40.67846803,2.64578024,1.4784089522390889,40.78544717999009,68.03733748812506,31.74779654771742,-13.032705407231449,94.2,38.4,67.8,92.9,100.0,2026-09-21,2026-09-18,35.47,2026-07-30,34.87,2026-09-11,34.66,0.1978437858627302,0.5533574877112061,-0.7014220196667651,-0.5721276651951372,-0.2585887089432557,False,False,2.3369878822850616,0.6181368258154111,1.4,0.084,63.674151241247586
688226,威腾电气集团股份,C,53.28,B,70.44,3,56.45,54.35,179.2371771,2.80683763,285.20636574064264,43.22900696989495,30.63905592848232,75.11067252405587,-33.19300621429431,37.2,20.0,20.0,20.0,100.0,2026-09-21,2026-09-18,28.88,2026-06-29,38.939,2026-09-03,27.689,1.7747327447024972,0.6260462358496688,-0.5410670051449067,-0.6173532457890993,0.1525724812883853,False,False,4.3013471053486905,0.9337099853688722,155.49,0.792,124.0770062370652
001896,豫能控股,C,53.25,C,37.35,4,185.08,185.08,52.48656329,5.12149938,5.724122997362931,15.075343624633302,40.0371724265915,101.37609458913353,-19.670156107008353,58.0,25.3,59.9,92.2,100.0,2026-09-21,2026-09-18,12.11,2026-08-21,11.59,2026-09-03,11.44,0.0528394849294251,0.1106867118158643,-0.2184757750607282,-0.3436219560325335,0.2502923619436106,True,False,5.856643356643356,1.805673305883435,10.58,0.248,83.70876428700139
601618,中国中冶,C,52.89,C,43.14,2,529.71,457.03,96.55286853,0.5163838,0.36570320230496467,3.024078091136014,55.560107661159364,39.75166342406416,-16.00746001086788,81.9,29.0,32.2,62.3,88.4,2026-09-21,2026-09-18,2.54,2026-06-11,2.6,2026-09-02,2.52,0.0520363431780164,0.0211243263574028,-0.0171561850731976,-0.0125202024793138,-0.0092719651877675,False,False,0.7936507936507943,0.8776432559591663,1.66,0.473,101.67129711048187
300118,东方日升,C,52.83,B,62.08,3,106.02,86.17,-3.57220202,1.35694261,2.8373820227307016,15.717929056591164,18.735929017727663,85.56761401573169,-41.53173762960674,7.5,20.0,20.0,97.7,100.0,2026-09-21,2026-09-18,9.19,2026-06-11,12.71,2026-09-03,9.26,0.8715599824695772,0.6929252801708217,-0.2777073490725392,-0.2613122973329996,-0.0327901034790791,False,False,-0.7559395248380161,0.8537994917513224,2.42,0.673,113.78383441497724
603985,恒润股份,C,52.83,C,53.36,2,74.68,74.68,66.88299393,2.24858229,2.0942117273983114,20.846487220328946,21.176916680084883,60.15555703353357,-18.451488635351254,10.6,26.5,50.7,95.1,100.0,2026-09-21,2026-09-18,17.0,2026-06-11,21.37,2026-09-11,16.35,0.4974696234036706,0.8255796346393722,-0.1588871187179066,-0.1336844935030343,-0.0504052504297445,False,False,3.9755351681957096,0.7806046323697048,1.57,0.619,110.1814577912598
688573,信宇人,C,52.59,C,75.04,2,15.08,8.21,-3.14719034,5.01665043,261.78444637890044,21.257128785696395,33.501987118185255,67.93877887854089,-27.365543316511566,44.2,20.0,20.0,20.0,61.9,2026-09-21,2026-09-18,15.44,2026-06-29,16.53,2026-08-31,15.85,1.110972116066005,0.3266777023077197,-0.2054704082273843,-0.0894266204780979,-0.2320875754985727,False,False,-2.586750788643534,1.2147931972327135,21.51,0.929,144.99240614625688
600029,南方航空,C,52.55,B,51.24,3,896.99,667.11,-68.68208571,2.97814682,0.3628433427325873,5.833868836995472,47.33742676696119,47.53913771300322,-15.493472038033996,71.2,29.5,20.0,62.2,76.4,2026-09-21,2026-09-18,4.93,2026-06-22,5.12,2026-09-02,4.96,0.0895258700207488,0.0094948471910492,-0.0515029621242,-0.0429272134801159,-0.017151497288168,False,False,-0.6048387096774244,0.8043608236787013,2.41,0.518,104.01414096370604
301588,美新科技,C,52.5,C,49.07,3,33.63,20.75,102.71072065,3.5020249,2.8011489713564557,32.02074166145491,32.15281656397857,89.30970816343964,-12.556678742687888,39.4,40.5,20.0,97.6,87.0,2026-09-21,2026-09-18,28.0,2026-08-03,28.7,2026-09-11,26.54,1.6516183269111515,3.2057076837586123,-1.012157502122097,-1.226746279760963,0.4291775552777319,False,False,5.50113036925396,0.5911533940788218,0.58,0.487,102.146372117225
002922,伊戈尔,C,52.42,B,50.62,3,99.81,90.26,48.11020032,2.65614001,3.2218787033378065,32.88411445235357,20.467269614594365,68.71252307764254,-28.476103456948543,9.7,20.0,62.9,99.0,100.0,2026-09-21,2026-09-18,23.52,2026-06-11,33.0,2026-09-02,23.4,1.1500525296486117,1.9806303865504344,-0.7197728202613973,-0.6623886862016861,-0.1147682681194224,False,False,0.5128205128205171,0.6583353137466726,2.9,0.509,103.31544512942432
002176,江特电机,C,52.13,C,39.73,2,145.71,145.5,-31.12277026,4.98779079,1.567485462236402,10.920311997261253,46.63093365543061,66.35644839745798,-21.888678618895952,70.8,23.1,20.0,93.2,100.0,2026-09-21,2026-09-18,8.53,2026-06-29,9.46,2026-09-11,8.36,0.4316326269746326,0.1192278359280145,-0.1272594108717513,-0.0804449421451378,-0.0936289374532268,False,False,2.0334928229665064,0.4746397385828935,2.27,0.425,100.4681123190406
301259,艾布鲁,C,51.86,C,31.42,3,45.1,28.92,-2285.46644508,5.46625445,2.5147629698198735,24.504739324943404,64.384480147108,35.753343239004856,-18.9952615419391,92.0,26.0,20.0,96.6,96.6,2026-09-21,2026-09-18,19.85,2026-06-11,21.33,2026-08-31,20.61,0.5651671803706968,0.7453804942559752,-0.9748122714606212,-0.8254547412537709,-0.2987150604137003,False,False,-3.687530325084901,1.1053723370721975,0.72,0.235,82.47961288938195
600791,京能置业,C,51.56,C,63.89,2,32.88,32.84,-2.93292944,-4.71332094,2.0917341401928273,9.11304207024321,14.905614215867205,112.28157993290735,-23.625942398241882,3.5,21.4,20.0,95.1,86.3,2026-09-21,2026-09-18,6.96,2026-06-17,9.55,2026-09-02,7.0,0.96306429094584,1.2613478328198138,-0.1660673117497717,-0.1018648123528,-0.1284049987939434,False,False,-0.571428571428572,0.5540220847240729,0.66,0.77,123.20545900869632
002782,可立克,C,51.5,C,39.47,3,76.73,75.91,34.76607572,3.49944108,1.5312151401377947,21.10392620164396,29.775454536020625,70.48077932891141,-27.928102786792508,35.0,20.0,71.8,93.1,100.0,2026-09-21,2026-09-18,15.21,2026-06-12,21.86,2026-09-11,14.53,0.1562328235382608,1.5609775481105468,-0.1789781233739305,-0.1866373929271968,0.0153185391065326,False,False,4.679972470750182,0.7613877795617613,1.14,0.35,92.95978428557576
002921,联诚精密,C,51.24,C,39.12,2,30.87,26.68,2018.29331091,2.3523921,2.7691108765073946,23.475190370664986,42.54516705205644,62.1310526128509,-13.014549924514373,64.2,38.5,20.0,97.4,84.2,2026-09-21,2026-09-18,20.42,2026-06-22,22.85,2026-08-31,20.86,0.8500887164277025,0.8621024269548886,-0.5879713838848488,-0.4708808111410367,-0.2341811454876241,False,False,-2.1093000958772663,0.6694842154404558,0.73,0.416,100.17677296908576
688390,固德威电源,C,51.23,B,63.63,3,145.56,145.56,33.23365458,4.75498226,257.078829739158,84.77070268112328,19.613170065575076,93.45434791451014,-28.819747752973978,8.8,20.0,72.8,20.0,100.0,2026-09-21,2026-09-18,60.34,2026-07-29,60.77,2026-09-11,56.41,10.14178514113648,2.0997951373020705,-2.5232099863385145,-2.825378151390228,0.6043363301034272,False,False,6.9668498493175095,0.7631896008570458,377.14,0.695,116.95678119053032
600152,维科技术,C,51.21,C,57.04,1,42.01,42.01,-44.29861284,2.58141842,1.7355807906894876,10.456371548688269,23.792870546646938,76.50826219598814,-23.587260047178315,17.3,21.4,20.0,93.8,94.3,2026-09-21,2026-09-18,7.99,2026-06-12,10.13,2026-09-11,7.68,0.540922599529674,0.4550697542296565,-0.0574018618926981,-0.0430473987097107,-0.0287089263659747,False,False,4.03645833333334,0.8194130388546227,0.73,0.743,120.75669983383004
002049,紫光国微,C,50.9,C,22.12,3,517.49,517.42,33.54029899,3.65513439,1.6346904619958045,76.59380783583323,57.72520087554282,32.72745984389635,-19.993532464995035,86.3,25.0,72.6,93.5,88.9,2026-09-21,2026-09-18,61.28,2026-08-25,60.2,2026-09-11,58.5,0.5240937689938292,0.1737565916657608,-1.5924558613959192,-1.7652002429924003,0.3454887631929626,False,False,4.752136752136754,0.8400860612155734,8.45,0.102,64.90174777817376
000899,赣能股份,C,50.89,C,27.65,2,91.62,91.62,11.01054271,1.50738398,1.0462368231084822,11.933132350116608,37.20166517294276,42.31454259381523,-21.479124465518584,52.7,23.5,90.5,91.4,100.0,2026-09-21,2026-09-18,9.37,2026-07-09,9.35,2026-09-07,9.29,0.4624285997882325,0.170860541579666,-0.2045083914077263,-0.2260502305377629,0.0430836782600732,False,False,0.8611410118406897,1.2235696997375949,0.96,0.252,83.92070013369316
301548,崇德科技,C,50.64,C,41.33,3,49.37,19.14,35.42876469,3.12240979,4.593983953160988,70.56772409059847,25.938151747408796,60.417664090072954,-23.024299422975314,20.8,22.0,71.4,96.2,99.6,2026-09-21,2026-09-18,54.32,2026-07-30,54.491,2026-09-11,51.291,3.580981704301479,4.136891241909109,-2.750592684324197,-2.896966444218205,0.2927475197880165,False,False,5.905519486849552,0.7509834073005075,0.84,0.376,94.56533700386905
000958,电投产融,C,50.19,C,28.32,3,943.3,277.25,30.56853167,1.85443286,0.22673696935604404,6.253707357578129,72.85242975769087,27.805151139722174,-17.968659122119636,96.9,27.0,74.6,52.7,74.8,2026-09-21,2026-09-18,5.13,2026-06-29,5.53,2026-08-31,5.23,0.0568125267351815,0.0681384215962926,-0.0755405707645167,-0.0626256203676886,-0.0258299007936561,False,False,-1.9120458891013483,1.1864140501622469,0.63,0.19,79.33526072961375
301216,万凯新材,C,50.08,C,25.75,1,101.65,95.42,15.05102311,1.54922889,2.76046686230094,21.290772639623867,34.61172223141478,62.01569199932965,-18.36839228814835,45.6,26.6,92.5,97.4,100.0,2026-09-21,2026-09-18,17.38,2026-06-15,23.4,2026-09-11,16.78,0.949867581158248,0.0232791918467665,-0.1439103041512233,0.1227780471999587,-0.533376702702364,False,False,3.5756853396900943,0.5442359029934456,2.61,0.296,88.92411045558484
688099,晶晨半导体,C,50.04,C,23.63,2,377.56,377.56,38.24522824,4.73558769,214.46820625612074,95.76807590691475,73.33606486894007,32.798126793838456,-7.589247082690909,97.3,63.3,69.5,20.0,95.3,2026-09-21,2026-09-18,88.5,2026-06-12,86.6,2026-09-11,83.11,0.8974012937057125,4.745384966890057,-2.3157998866650047,-2.1742484702767064,-0.2831028327765965,False,False,6.485380820599207,0.8640438331111928,803.48,0.195,79.35388037964444
300188,国投智能,C,50.02,C,50.58,2,90.93,90.51,-10.97401883,3.82808114,1.1468149022326006,12.970057750749199,26.518846108914317,48.15186280341582,-20.740522536176154,24.3,24.3,20.0,91.8,100.0,2026-09-21,2026-09-18,10.28,2026-06-11,10.09,2026-09-11,9.97,0.4304719503323557,0.1918831410203939,-0.08155543078899,-0.0768953594814074,-0.0093201426151652,False,False,3.109327983951842,1.3088470252377409,1.01,0.58,107.2722414170862
688805,健信超导,C,49.97,C,42.83,2,66.75,13.35,72.19792146,5.46057215,325.69268845419845,48.21545504136562,49.537911955471635,41.618416828389684,-16.873127163035072,74.3,28.1,47.4,20.0,100.0,2026-09-21,2026-09-18,40.08,2026-06-26,41.41,2026-09-11,37.4,1.8993194582002673,0.6400027323502253,-0.4739368620180357,-0.3344123081618972,-0.2790491077122771,False,False,7.165775401069519,0.5228849918780805,43.78,0.469,101.65053895857594
300231,银信科技,C,49.97,C,51.81,2,37.18,37.18,128.09043931,2.34226104,1.9536173351448909,9.96455799662658,26.21236262860681,40.55718683152524,-17.206563474336033,22.6,27.8,20.0,94.6,90.3,2026-09-21,2026-09-18,8.25,2026-06-11,8.11,2026-09-11,7.81,0.5308367951237685,0.2553090023831314,-0.0958935954144042,-0.0860638855169086,-0.0196594197949911,False,False,5.633802816901413,0.7965346274603297,0.72,0.597,108.85536673981343
300748,金力永磁,C,49.94,C,24.87,2,355.72,291.35,41.22418251,4.65649932,0.971758650306748,33.512448162063414,54.27056728766998,44.44914734097827,-24.32662669894736,79.2,20.7,67.5,84.0,96.5,2026-09-21,2026-09-18,25.36,2026-06-11,28.81,2026-09-11,24.24,0.4737738051178333,0.6010239499541585,-0.5745989827628613,-0.5126408544701002,-0.123916256585522,False,False,4.620462046204625,0.7182382216346525,2.79,0.212,80.96130250624654
002149,西部材料,C,49.85,C,43.19,3,165.99,165.97,190.8069767,2.51211001,3.567097809599052,47.732139317622625,32.846063415390915,100.0185136499434,-28.852968910484122,42.9,20.0,20.0,99.8,100.0,2026-09-21,2026-09-18,33.96,2026-06-24,47.15,2026-09-11,32.52,2.029108140490777,2.233717585841699,-1.2749053098203973,-1.3443264296778528,0.1388422397149109,False,False,4.428044280442797,0.8506679098628034,5.91,0.403,98.38017701173888
688556,高测科技股份,C,49.64,B,61.5,4,65.46,65.46,-14.81380039,1.89876168,236.5539913533204,12.444683767740392,32.32513723687764,68.44285006406585,-37.32263394093249,39.8,20.0,20.0,20.0,100.0,2026-09-21,2026-09-18,7.8,2026-06-09,10.25,2026-09-02,7.58,0.5412539816923854,0.6914253003556625,-0.2458458294891432,-0.2656610256282636,0.0396303922782407,False,False,2.9023746701846935,0.7538721331697578,153.29,0.593,108.2614719400246
300490,华自科技,C,49.46,C,52.74,2,44.09,43.45,-796.43291616,1.95628035,2.580465585060564,14.605897523378742,23.732125638425245,64.1450347019373,-26.262662169434382,16.4,20.0,20.0,96.8,95.9,2026-09-21,2026-09-18,10.77,2026-06-11,13.51,2026-09-11,10.3,0.9682550359079088,0.5799956019203165,-0.2772997769409784,-0.2684553547022403,-0.017688844477476,False,False,4.563106796116494,0.9531757837799472,1.09,0.611,109.5712515056388
300547,川环科技,C,48.39,C,18.58,0,54.99,45.25,30.46002347,4.0424588,3.4995806520555464,34.766115254146094,46.46893356961145,50.49428459553121,-27.199228861264245,70.4,20.0,74.7,100.0,100.0,2026-09-21,2026-09-18,25.31,2026-06-24,30.174,2026-09-11,24.13,1.062114067706638,0.0671580962624474,-0.3628371614822896,-0.2434041730360182,-0.2388659768925428,False,False,4.890178201409033,0.6046302888784659,1.58,0.265,86.13429524355121
300444,双杰电气,C,48.38,C,37.04,4,73.38,57.22,23.2178508,3.60474752,3.7641744304915887,12.674386400127155,14.718802779956683,69.39950124276318,-28.753947410744818,3.1,20.0,93.4,99.1,100.0,2026-09-21,2026-09-18,9.03,2026-06-11,12.11,2026-08-31,9.05,0.4196573345616077,0.3311069488214226,-0.3496460779479733,-0.3552956504126794,0.0112991449294121,False,False,-0.2209944751381364,0.6944980755313325,2.13,0.243,83.24689521384452
301076,新瀚新材,C,47.79,C,31.06,2,49.03,32.74,72.17465936,4.04773024,2.4374840827110806,30.876564359192287,35.48616444883411,83.6043928392731,-32.18157384221429,50.0,20.0,47.4,96.3,99.4,2026-09-21,2026-09-18,20.94,2026-06-29,23.88,2026-09-11,19.61,0.6617981554015593,0.518624453407297,-0.4273485553708163,-0.3652486321121433,-0.1241998465173458,False,False,6.7822539520652825,0.6665547500361465,0.78,0.301,89.33014584993587
688188,上海柏楚电子科技,C,47.75,C,18.41,3,388.0,388.0,30.80362567,6.11997472,41.66663553666689,104.3883616298959,81.13329719458991,25.21332193046595,-8.639240514062363,98.7,57.3,74.5,20.0,94.8,2026-09-21,2026-09-18,95.37,2026-06-29,98.5,2026-09-11,93.05,0.0680969953300518,1.980288223063675,-1.7314279586224188,-1.628342128298924,-0.2061716606469898,False,False,2.493283181085446,0.7306668591122484,161.16,0.049,59.945395047180014
600559,老白干酒,C,47.73,C,28.27,2,102.27,102.27,27.60044548,1.87804848,0.6931421390230198,13.442892098943357,31.511602717289865,42.12775127074084,-17.94920379620556,38.5,27.1,91.2,74.0,100.0,2026-09-21,2026-09-18,11.03,2026-06-09,11.44,2026-09-01,11.32,0.2790548543189874,0.0755813550419272,-0.2006697615539341,-0.1590331845604728,-0.0832731539869225,False,False,-2.5618374558303967,0.5966638767170498,0.7,0.261,84.34285529098764
603130,云中马股份,C,47.54,C,12.48,2,52.94,52.94,48.62001207,3.70527284,1.4405057804939418,44.44096240789801,57.132774877179614,47.505709758736074,-13.638233916421349,85.4,35.8,62.5,92.8,100.0,2026-09-21,2026-09-18,38.38,2026-06-29,36.9,2026-09-11,35.97,0.3191737567192731,0.4053283134089431,-0.8002247161694598,-0.711944822142173,-0.1765597880545735,False,False,6.700027800945242,1.133234752693364,0.76,0.035,58.488729164874584
603095,越剑智能,C,47.5,C,32.61,2,37.68,37.68,71.59282723,1.60136845,1.7541387048862194,17.696130239305813,34.7866231355212,70.85633391678759,-18.908824664239564,46.5,26.1,47.8,93.9,90.7,2026-09-21,2026-09-18,14.35,2026-06-29,13.66,2026-09-11,13.55,1.458188657773258,0.0064093452165457,-0.0940528491524723,0.0924658735671107,-0.3730374454391661,False,True,5.904059040590397,0.3994466954838102,0.65,0.323,90.98523060484186
301363,美好医疗,C,47.39,C,20.22,2,129.34,84.83,44.12941942,3.50294337,1.2810558074439584,19.65015066566134,44.13658681332422,59.312808077277914,-20.66218592795045,67.3,24.3,65.5,92.2,100.0,2026-09-21,2026-09-18,15.59,2026-06-11,16.731,2026-09-11,15.01,0.2355746117391,0.2763578907616306,-0.4156594438508669,-0.3933658669545373,-0.0445871537926592,False,False,3.864090606262492,0.7493664208284563,1.04,0.146,74.26428887575166
600478,科力远,C,47.32,C,30.09,1,77.07,77.07,52.9128569,2.62003913,0.9667581987141585,6.63869399043537,35.47974454870064,48.61892409579082,-30.407998822415717,49.6,20.0,59.6,83.8,100.0,2026-09-21,2026-09-18,4.62,2026-06-29,4.84,2026-09-11,4.6,0.2749920537785257,0.0155389337066084,-0.0722027118497026,-0.0578873636479853,-0.0286306964034344,False,False,0.4347826086956622,0.8073387363426139,0.76,0.358,93.49276042275842
603516,淳中科技,C,47.3,C,33.54,2,175.07,175.07,38.80263325,9.65543641,1.7310620315725702,139.97824387126377,27.286613037512236,94.96286030159268,-37.93321190691431,26.1,20.0,69.1,93.8,100.0,2026-09-21,2026-09-18,86.88,2026-07-30,86.72,2026-09-11,81.43,6.257725663280752,1.8375161666179425,-3.244041662475595,-3.0349683542028,-0.4181466165455907,False,False,6.692865037455468,0.6898527155777607,3.06,0.336,92.0742694184185
300782,卓胜微,C,47.16,C,46.9,3,438.95,350.07,-85.02873826,3.38978672,2.017291018520391,93.6993183610301,25.377296230205253,61.04712507674228,-21.30145524018161,19.9,23.7,20.0,94.8,92.2,2026-09-21,2026-09-18,73.74,2026-06-12,87.6,2026-09-11,69.43,2.8666580110095197,6.185681022615247,-1.6097841763672278,-1.7688628281708505,0.3181573036072453,False,False,6.207691199769534,0.8832360402553594,6.82,0.456,101.51338378423765
301517,陕西华达,C,47.05,C,47.52,3,57.55,37.12,-63.47844553,4.59986692,2.3860884941018763,59.22001104626321,22.651051371523696,70.75290903209901,-36.170224672078675,13.7,20.0,20.0,96.1,100.0,2026-09-21,2026-09-18,37.8,2026-06-29,46.45,2026-09-11,36.27,2.416682675762104,0.1060781269986688,-0.7021243065236149,-0.7765361424765781,0.1488236719059263,False,False,4.218362282878394,0.9720254880497584,0.88,0.465,101.6362922227888
600821,金开新能,C,46.83,C,42.26,3,120.4,120.4,-46.73708352,1.37954324,3.6428704821089104,8.066751440422017,26.634877449971828,65.09702989258692,-23.637166144321707,24.8,21.4,20.0,99.5,100.0,2026-09-21,2026-09-18,6.16,2026-06-11,6.33,2026-08-31,5.86,0.3689443839679978,0.2070798985892284,-0.0278238795599987,-0.0428261568472762,0.030004554574555,True,False,5.119453924914672,1.0794757183286543,4.41,0.389,96.49894013250058
603211,晋拓科技股份,C,46.15,C,37.3,3,54.58,54.58,100.44142529,4.33492738,1.3923431245585118,26.709934228305823,32.3943126804012,63.93438941142193,-24.447586326834646,40.3,20.6,20.0,92.6,100.0,2026-09-21,2026-09-18,20.18,2026-07-30,20.21,2026-09-11,19.37,1.3446193454442898,2.759718099307885,-1.413536277702054,-1.5477755650058622,0.2684785746076166,False,False,4.181724315952497,0.7039630099313422,0.76,0.319,90.62462447888728
002755,奥赛康,C,45.88,C,20.31,4,115.56,115.55,58.58459233,3.58349497,1.0336673715888838,15.252838395751098,44.11619441765004,50.369989923177194,-25.784305148388952,66.8,20.0,55.8,91.4,100.0,2026-09-21,2026-09-18,11.32,2026-08-31,11.26,2026-09-11,11.02,0.0030879756168449,0.1264370378943021,-0.4574999890871716,-0.4617882347815499,0.0085764913887566,False,False,2.7223230490018215,0.5083071677757139,1.09,0.004,42.221693603491495
300229,拓尔思,C,45.66,C,40.66,2,115.67,115.59,-29.74459413,3.14717726,1.7495155863634335,18.87833035859148,27.353590399424192,75.38072384679772,-31.03203645297673,26.5,20.0,20.0,93.9,100.0,2026-09-21,2026-09-18,13.02,2026-06-11,14.91,2026-09-11,12.64,0.5642790107882707,0.355954079141399,-0.2617979889177384,-0.2185549557795197,-0.0864860662764372,False,False,3.0063291139240427,0.7177846711657392,1.99,0.438,100.76100660894588
300885,海昌新材,C,45.65,C,21.46,2,47.45,31.93,69.33175555,5.18988322,1.660841188909384,26.197916512212508,43.97638622543848,51.28684830604864,-27.475148677785512,65.9,20.0,49.2,93.6,98.3,2026-09-21,2026-09-18,19.0,2026-06-29,22.59,2026-09-11,17.98,0.3672281749249002,0.2947895749639267,-0.5169614700303988,-0.5048456699015224,-0.0242316002577529,False,False,5.672969966629586,0.7658543852145874,0.53,0.164,75.71530236864865
600905,三峡能源,C,45.62,C,22.74,3,1040.59,1040.59,93.01979961,1.17187442,0.1986102380502541,4.0853151473964155,95.44361005286565,17.73324535971232,-10.655607503715924,99.6,48.6,34.4,49.9,71.6,2026-09-21,2026-09-18,3.65,2026-08-19,3.68,2026-09-02,3.66,0.0048596756226144,0.0222933652845468,-0.029066627853195,-0.0289471256775336,-0.0002390043513227,False,False,-0.2732240437158533,0.9758552427200676,2.07,0.111,66.61020812894512
301667,纳百川,C,45.61,C,43.5,3,64.95,13.8,127.21949987,5.16580569,8.36838421241823,86.11689118376074,26.481734719415655,66.11057241397425,-31.860057657230644,23.9,20.0,20.0,84.5,100.0,2026-09-21,2026-09-18,58.68,2026-06-11,72.7,2026-09-11,54.49,4.760455974876393,3.764341210790818,-2.1730597694793303,-2.1941675337183653,0.0422155284780698,False,False,7.689484309047527,0.8190730053920208,1.17,0.407,99.17944901044416
600550,保变电气,C,45.52,C,41.64,3,200.91,200.91,78.6942849,20.48558941,1.0818621713632146,13.482683424517406,16.44949037504529,62.14303130947908,-19.303897767002297,4.9,25.7,43.3,91.5,100.0,2026-09-21,2026-09-18,10.88,2026-06-11,11.67,2026-09-02,10.77,0.6679671922895505,0.1307231917075095,-0.1751537847760982,-0.1736025384299984,-0.0031024926921995,False,False,1.0213556174559073,0.8682477274761429,2.17,0.381,95.1372191339102
688101,三达膜环境技术,C,45.33,C,15.62,3,48.74,48.74,13.28833238,1.08370785,50.02766977751947,17.167769003778677,68.76042965789271,35.542375387370676,-15.422906745750687,95.1,29.6,91.6,20.0,99.2,2026-09-21,2026-09-18,14.52,2026-08-21,14.21,2026-09-11,13.98,0.026310004320539,0.0121751972509898,-0.2794834526680141,-0.2852584321105324,0.0115499588850366,False,False,3.8626609442060023,0.7376065003031614,24.12,0.009,43.48834334532817
300376,易事特,C,44.98,C,31.11,3,98.72,98.68,-47.33072482,1.56134704,0.7180537406346003,5.892379900435797,42.24623390278244,55.250007889855446,-28.212367982465757,63.3,20.0,20.0,74.9,100.0,2026-09-21,2026-09-18,4.23,2026-06-29,4.978,2026-08-31,4.25,0.0805937615170915,0.1449741160470995,-0.129477601899322,-0.1262809558555297,-0.0063932920875845,False,False,-0.4705882352941076,0.8895682775436209,0.71,0.23,81.97872548795456
688005,容百科技,C,44.96,C,35.44,3,170.94,170.94,-1771.38477423,2.19907191,111.64789585594306,30.987738631213443,56.99341696310061,38.52748875721593,-22.356386549082497,85.0,22.6,20.0,20.0,100.0,2026-09-21,2026-09-18,24.06,2026-07-20,23.8,2026-09-11,22.5,1.0754410863921962,0.477780687920323,-0.8579390095190611,-0.8640153447513608,0.0121526704645993,False,False,6.933333333333327,0.9482506537969468,191.96,0.292,88.32881349802689
600089,特变电工,C,44.73,C,26.77,3,924.66,924.66,17.37189946,1.30491665,0.8773445451616185,24.64871572958453,30.99545808746777,49.22273071359242,-26.446472104672235,38.1,20.0,93.7,80.6,75.4,2026-09-21,2026-09-18,18.13,2026-06-11,21.91,2026-09-02,18.7,0.4995145636470752,0.3006864822337058,-0.5739074112118594,-0.5310789632346897,-0.0856568959543393,False,False,-3.048128342245991,0.8053174817578582,8.04,0.168,76.4061042817101
688590,新致软件,C,44.47,B,53.1,3,38.33,34.49,-22.80132026,2.16087111,192.71249885761858,15.91122056141437,30.22496670477614,70.42090432542993,-27.09547356705826,36.3,20.0,20.0,20.0,91.3,2026-09-21,2026-09-18,11.6,2026-06-29,11.9,2026-08-31,11.8,0.5457370708335567,0.2316461577558997,-0.3594283667462363,-0.2851732569941825,-0.1485102195041077,False,False,-1.6949152542372972,0.6689413250804304,62.93,0.544,105.35595516554544
688580,伟思医疗,C,44.31,C,21.5,3,42.21,42.21,24.99326462,2.4957669,104.89740933629295,54.67652254080737,53.6464555833047,40.012516236597826,-21.812876873993048,77.4,23.2,92.5,20.0,94.5,2026-09-21,2026-09-18,42.75,2026-07-27,44.72,2026-09-11,39.8,0.2019421362435167,2.0036152531769336,-1.830556980554633,-1.894266768449475,0.1274195757896845,False,False,7.412060301507545,0.7370320732391501,42.95,0.093,64.23036304103816
688676,海南金盘智能科技,C,43.71,C,33.85,2,296.65,296.65,42.54671008,5.81419226,183.06863407192202,81.6449357338152,35.32645837476305,47.96258517452294,-19.946045137335332,48.7,25.1,66.6,20.0,100.0,2026-09-21,2026-09-18,65.36,2026-06-10,77.61,2026-09-02,62.8,1.2896115814912434,3.9842360835550217,-1.7073860434982322,-1.6519735440367131,-0.1108249989230381,False,False,4.076433121019112,0.5880522753359254,550.15,0.341,92.08185083230744
300040,九洲集团,C,43.61,C,19.91,2,37.96,30.7,176.7480084,1.46059537,7.605294581673265,6.98124145786941,54.673118568403275,42.7336461536505,-16.490497640239976,79.6,28.5,20.0,87.6,91.0,2026-09-21,2026-09-18,5.83,2026-06-11,6.24,2026-09-04,5.6,0.0823970497023269,0.1893929106090818,-0.0663653792463643,-0.0779450604580216,0.0231593624233145,False,False,4.107142857142865,1.2650178737319313,2.31,0.142,73.89122077069334
300762,上海瀚讯,C,43.56,C,27.39,3,178.0,171.87,-89.92824319,8.04561415,2.1780486468934486,37.65232320551558,37.00446019223458,63.311512301265275,-27.521072601431495,51.3,20.0,20.0,95.4,100.0,2026-09-21,2026-09-18,27.29,2026-08-25,26.47,2026-09-11,25.94,0.2821302456289452,0.4852831179203449,-1.031451945677393,-1.1555601759783658,0.2482164606019457,False,False,5.204317656129522,0.8306318471596904,3.73,0.177,77.44601494320135
688063,派能科技,C,43.5,C,40.4,3,101.51,101.51,67.62355539,1.09012322,171.21861177525858,63.17734661185008,32.78527633526273,61.61984332976645,-34.01115710646153,42.0,20.0,50.2,20.0,100.0,2026-09-21,2026-09-18,41.69,2026-07-21,39.86,2026-09-11,39.25,3.5058488675609283,0.1646629122673228,-1.049908689435462,-1.1335699407547009,0.1673225026384779,False,False,6.216560509554134,0.9385193925941951,175.14,0.363,93.5080856968208
605060,联德股份,C,42.83,C,26.73,2,98.88,98.18,38.35348398,3.80243268,1.3822608462684818,48.43676903804485,22.469114623106748,61.16161492979604,-18.24392752353894,12.8,26.8,69.4,92.6,100.0,2026-09-21,2026-09-18,39.6,2026-06-11,45.93,2026-09-11,36.98,1.6181174981274469,0.574811761604078,-1.0211537621505116,-0.8760092166207051,-0.290289091059613,False,False,7.084910762574377,0.8314797391896869,1.31,0.239,83.11192177703639
600382,广东明珠,C,42.7,C,12.79,2,40.52,40.52,23.63867022,1.32798372,1.3579465534429407,7.7123440359910305,33.044615354347606,42.66907972888052,-19.479733126272293,43.4,25.5,93.2,92.5,93.1,2026-09-21,2026-09-18,6.21,2026-06-11,8.01,2026-09-11,6.13,0.0303054265529931,0.0097158273634111,-0.0481295507149939,-0.0144959229566978,-0.067267255516592,False,False,1.305057096247962,0.7239969478721545,0.55,0.04,58.68696553998995
688088,虹软科技,C,42.4,C,38.23,3,118.83,118.83,48.10615938,4.33719234,86.22565373716505,42.10234804960847,29.00272531591195,68.35117511189591,-29.552622658830973,32.7,20.0,62.9,20.0,100.0,2026-09-21,2026-09-18,29.66,2026-07-27,29.5,2026-09-11,28.5,0.7299357339855312,0.3223211912363528,-0.8205685341178146,-0.8822196984864983,0.1233023287373673,False,False,4.070175438596492,0.617997751353497,102.6,0.332,91.48685259989904
002865,钧达股份,C,42.39,C,39.16,3,120.77,88.78,-8.59477901,3.19455106,3.224435443229335,68.54365223192652,17.288282237405557,95.02307625981328,-43.875182095882984,5.8,20.0,20.0,99.0,100.0,2026-09-21,2026-09-18,38.47,2026-07-30,39.33,2026-09-11,36.02,4.528003986600318,0.1568583172255886,-1.7155296010446293,-1.9504835405562628,0.4699078790232671,False,False,6.801776790671836,0.890287515323601,2.84,0.345,92.32388531886652
600115,中国东航,C,42.38,C,24.6,3,762.03,587.36,-32.00449035,7.62866068,1.2175425987822623,4.289146273155466,42.44185319391514,58.05814986990724,-20.496999103476366,63.7,24.5,20.0,92.0,81.0,2026-09-21,2026-09-18,3.41,2026-08-21,3.43,2026-09-02,3.4,0.0142025538974168,0.0257308352170489,-0.0578367220661504,-0.0539732363781741,-0.0077269713759526,False,False,0.2941176470588303,0.9445679468676494,7.07,0.137,72.10206764448677
002426,胜利精密,C,42.16,C,14.29,1,89.83,84.33,-10.37487238,5.89005741,1.5489168263752677,3.6616322627293125,55.92560429405323,48.42376152202664,-28.720313435993315,82.7,20.0,20.0,93.2,100.0,2026-09-21,2026-09-18,2.61,2026-06-11,3.38,2026-09-11,2.56,0.015273035899153,0.0106336899846496,-0.0404888069905249,-0.0369933151768197,-0.0069909836274103,False,False,1.9531249999999931,0.8372212023625706,1.29,0.133,69.1978933246325
601100,恒立液压,C,41.44,C,6.86,1,1253.4,1253.4,45.72353242,6.99732719,0.5111942638797826,105.8179684441155,73.39840222260499,26.85032407286503,-12.869240115214842,97.8,39.1,64.5,67.5,65.7,2026-09-21,2026-09-18,92.2,2026-07-29,98.88,2026-09-04,97.9,0.3184672523668723,0.5938251140256368,-2.618918751288845,-1.862921359748795,-1.5119947830801004,False,False,-5.8222676200204315,1.6698068848143746,6.32,0.027,57.54093366473302
603185,弘元绿能,C,41.1,C,29.56,3,99.46,98.87,-50.82349504,0.88001351,1.2797961501706538,23.332131141959234,28.535908569143636,86.57122971915621,-37.9825189908266,30.5,20.0,20.0,92.2,100.0,2026-09-21,2026-09-18,14.47,2026-06-10,15.9,2026-09-02,14.5,1.2189539435577093,0.0080820885855128,-0.5041279848543301,-0.4241736221408702,-0.1599087254269198,False,False,-0.2068965517241335,0.8232027908191635,1.26,0.208,80.85128122243817
688597,煜邦电力,C,40.72,C,45.97,3,22.08,22.08,333.82663437,2.90748397,115.20480927058455,8.225028047909513,34.36212994067088,48.97761805839552,-24.863478106062885,44.7,20.1,20.0,20.0,73.2,2026-09-21,2026-09-18,6.18,2026-05-28,7.7,2026-08-28,6.38,0.2098747543243488,0.0702148353579045,-0.1469592687133341,-0.11170233067176,-0.0705138760831481,False,False,-3.134796238244517,0.7616139034819365,23.93,0.442,100.99913375814236
688303,大全能源,C,40.61,C,35.13,3,348.87,348.87,-22.11475352,0.93343256,32.23394764959636,22.311348068860962,37.685052795492254,62.21813494679539,-26.763726021534882,54.4,20.0,20.0,29.5,96.9,2026-09-21,2026-09-18,16.34,2026-06-03,18.45,2026-09-03,16.42,0.5433631854497811,0.2488784731403663,-0.4184396074411545,-0.3716906418527187,-0.0934979311768715,False,False,-0.4872107186358211,0.7157486293167341,112.32,0.288,87.97917172599125
300660,江苏雷利,C,39.99,C,19.96,3,138.46,138.38,64.91099601,3.93080297,0.7414861778137148,34.117785083476555,32.65847874644424,59.56049544930638,-31.41407057126707,41.6,20.0,51.9,75.8,100.0,2026-09-21,2026-09-18,23.4,2026-08-24,23.23,2026-09-11,22.41,0.0983426609254358,0.4741154694502647,-0.7789996184364796,-0.7811757370564856,0.0043522372400119,False,False,4.4176706827309165,0.7748874566611149,1.01,0.071,62.36887463512264
300571,平治信息,C,39.38,C,36.68,3,40.88,33.88,-18.33092931,3.3519364,5.779888690639494,40.58558513825043,14.155078208484731,87.72716035132478,-28.47214127599139,2.2,20.0,20.0,92.0,93.4,2026-09-21,2026-09-18,29.03,2026-06-12,38.94,2026-08-31,28.03,1.1594533381649228,4.413413368970135,-1.1032958005942604,-1.2768876708007388,0.3471837404129569,False,False,3.567606136282554,0.960794869711252,1.94,0.31,89.43793827735796
688027,科大国盾量子,C,38.79,C,39.78,3,369.33,288.59,6148.83689128,11.46739306,157.11725018808858,514.1071729602213,29.8126444526256,62.15908293037832,-30.170202074232222,35.4,20.0,20.0,20.0,95.8,2026-09-21,2026-09-18,359.0,2026-07-27,358.72,2026-09-11,339.9,20.08817499729105,5.113218887160649,-13.177322243632943,-13.694538714560464,1.0344329418550409,False,False,5.619299794057082,0.9174050868222376,453.35,0.354,93.19712545963743
688615,合合信息,C,38.54,C,18.72,3,168.44,116.31,36.1880682,5.67346788,439.03981031480345,128.04741015240728,40.57240992083448,89.93471167663452,-31.900223599828394,60.2,20.0,70.9,20.0,100.0,2026-09-21,2026-09-18,87.2,2026-07-27,88.86,2026-09-11,86.02,1.6917710043608736,0.4349633884781063,-4.795977347161738,-4.71428906952448,-0.1633765552745156,False,False,1.3717740060451138,0.8053217206920184,518.13,0.053,60.69873819083976
301368,丰立智能,C,37.64,C,25.53,3,54.99,46.31,-141.48383238,5.89810863,1.509166707015156,54.40705201881959,25.111767708438453,65.05358889450928,-30.725891954295015,19.0,20.0,20.0,93.0,100.0,2026-09-21,2026-09-18,37.69,2026-06-29,37.93,2026-08-31,37.38,1.8876958733778864,0.0718934219520247,-1.1694278760349448,-1.154818447633567,-0.0292188568027556,False,False,0.8293204922418276,0.8569644156092258,0.68,0.15,74.71544609583327
301498,乖宝宠物,C,37.17,C,16.81,2,165.28,78.23,34.02299049,3.53090462,1.7448974858746344,49.79432013655425,17.63732475803345,69.15955581519519,-25.332849413268754,6.6,20.0,72.3,93.9,100.0,2026-09-21,2026-09-18,37.18,2026-08-24,37.25,2026-09-11,36.57,0.0887709268437859,0.919870197784227,-0.7893822429325112,-0.7134941045416197,-0.1517762767817831,False,False,1.6680339075745132,0.6999986531926069,1.23,0.097,64.80935110626456
688682,霍莱沃技术,C,37.15,C,44.69,2,31.8,31.8,-164.37062309,5.34108301,96.57233613935028,43.17331051410874,23.75191950598728,73.29910810130008,-29.70193937274782,16.8,20.0,20.0,20.0,85.2,2026-09-21,2026-09-18,30.35,2026-06-23,33.27,2026-09-11,28.5,1.348211232060752,0.5452932978474646,-0.5252606848976598,-0.4995754706531333,-0.0513704284890529,False,False,6.491228070175444,0.7556974481300415,29.85,0.496,102.8766717860021
600651,飞乐音响,C,37.11,C,25.49,2,131.12,131.12,387.76331311,5.20652607,0.46871035862756405,7.211749956480948,29.286168478229097,52.23644410015581,-27.895447965067877,33.6,20.0,20.0,66.0,100.0,2026-09-21,2026-09-18,5.2,2026-06-10,5.92,2026-08-31,5.44,0.1655992656607798,0.0163444561420882,-0.1425475122620305,-0.1048180862099563,-0.0754588521041484,False,False,-4.411764705882357,0.6673991168068953,0.61,0.221,81.71026046223241
601111,中国国航,C,36.47,C,22.17,4,1207.01,685.48,-53.63050256,2.01614117,0.6224696559337417,7.010526447856588,37.179397874458196,44.37139767849344,-16.839340905953282,52.2,28.2,20.0,71.5,66.9,2026-09-21,2026-09-18,5.83,2026-08-21,5.79,2026-09-02,5.72,0.0067712239872319,0.0301670584108734,-0.0466938118088782,-0.0504652086165624,0.0075427936153684,False,False,1.923076923076929,0.8775831181265337,4.22,0.031,58.3288083844814
688148,芳源股份,C,35.38,C,15.93,3,30.76,30.76,33.92209832,8.33369203,193.47560483560076,8.492666690455591,39.361329666231974,61.03174299526004,-29.35081266355305,57.1,20.0,72.4,20.0,84.1,2026-09-21,2026-09-18,6.0,2026-08-21,6.11,2026-09-11,5.69,0.0038045630437748,0.0069391976414726,-0.2032711534426887,-0.2217727655225481,0.0370032241597186,False,False,5.44815465729349,0.8403077099147495,59.22,0.013,43.83955646990893
002230,科大讯飞,C,34.23,C,13.05,1,932.25,849.93,106.60622263,4.08171313,0.759417856782806,48.79399725517848,40.328926254252146,45.30609049674002,-21.137840380732207,58.8,23.9,20.0,76.4,75.1,2026-09-21,2026-09-18,38.48,2026-08-24,38.67,2026-09-11,38.15,0.0509325211982201,0.6805341756050025,-0.6042398642228122,-0.5781536317332043,-0.0521724649792156,False,False,0.8650065530799431,0.8239027367721063,6.4,0.115,66.68301348140074
688229,博睿宏远数据,C,33.77,C,28.89,2,27.18,27.18,-25.57998188,7.95750686,122.52387387387387,82.13927612767266,34.48015186080596,53.92930877636246,-25.33413624844696,45.1,20.0,20.0,20.0,80.0,2026-09-21,2026-09-18,61.33,2026-06-29,71.88,2026-09-11,58.0,1.776288231465145,1.717462035329287,-2.018994052250541,-1.7897698242187368,-0.4584484560636084,False,False,5.741379310344825,0.6947742779007344,33.36,0.27,86.31198866054703
688258,江苏卓易信息科技,C,33.25,C,20.58,3,105.7,105.7,66.53745457,10.65079016,191.22372653560956,114.68824039328348,28.52406208969287,72.16059617218035,-21.177620573822907,30.1,23.8,50.9,20.0,100.0,2026-09-21,2026-09-18,90.4,2026-08-25,88.18,2026-09-11,86.13,0.2772669648333448,1.517268013943566,-3.859422824569876,-3.912248932330136,0.1056522155205197,False,False,4.957622199001522,0.6852019658548386,209.41,0.08,62.945056966371155
600418,江淮汽车,C,31.84,C,19.03,3,436.86,436.86,-26.02387077,3.51944514,3.5383183182640976,34.38017443407818,8.04061287496795,100.8249802609038,-44.00842835480471,0.4,20.0,20.0,99.9,92.3,2026-09-21,2026-09-18,19.25,2026-08-25,19.85,2026-09-11,18.59,0.022131784155281,0.3978187045013215,-0.9456115500697811,-0.9701715296660962,0.0491199591926299,False,False,3.5502958579881665,1.0992134737245602,15.35,0.058,61.02742329612725
688522,纳睿雷达科技,C,30.81,C,21.15,2,78.15,31.73,68.27746833,3.31702017,308.8026176760199,23.57728092889276,22.760021028961916,56.61403867154957,-23.231181515000856,14.2,21.8,49.8,20.0,100.0,2026-09-21,2026-09-18,18.1,2026-07-27,17.93,2026-09-11,17.13,0.2549231263114393,0.1991419259875536,-0.3981111939390835,-0.3811288284827752,-0.0339647309126166,False,False,5.662580268534749,0.8591275669972698,96.24,0.159,75.17416008979384
688408,中信博新能源,C,30.2,C,29.2,2,50.08,50.08,-13.47102435,1.28876545,135.10360074959365,37.0786478578277,18.299774975857197,70.28477372484566,-39.02150885681019,7.1,20.0,20.0,20.0,100.0,2026-09-21,2026-09-18,22.61,2026-07-20,23.68,2026-09-11,21.78,1.095476851533018,0.4296857605861195,-1.009884633040624,-0.984435352385864,-0.0508985613095196,False,False,3.810835629017439,0.6244502704820878,66.92,0.274,86.91882653293324
